item_id,kind,identical,en,cz_original,cz_retry
pt::B00001YVG4,product_title,no,"Sony KV-9PT50 9"" Trinitron TV",Sony KV-9PT50 9&quot; Televize Trinitron,"Sony KV-9PT50 9"" Trinitron TV"
pt::B0000225BA,product_title,yes,Reelcraft L-4545-123-3 Spring Driven Cord Reel with 45-Feet of 12/3 Cord and Single Outlet,"Naviják šňůry Reelcraft L-4545-123-3 s pružinovým pohonem, 14,5 metru šňůry o průměru 12/3 palce a jednou zásuvkou","Naviják šňůry Reelcraft L-4545-123-3 s pružinovým pohonem, 14,5 metru šňůry o průměru 12/3 palce a jednou zásuvkou"
pt::B00004Y7TC,product_title,yes,Handspring Visor Platinum (Silver),Pružný hledí platinové (stříbrné),Pružný hledí platinové (stříbrné)
pt::B00008VIX2,product_title,yes,Sony MDRQ22LP Ear Clip (Discontinued by Manufacturer),Ušní klip Sony MDRQ22LP (výrobce ukončil výrobu),Ušní klip Sony MDRQ22LP (výrobce ukončil výrobu)
pt::B00008XY4E,product_title,yes,Sony NP-QM71D Super Quick High Capacity InfoLithium Camcorder Battery for DCRDVD301 & HDRSR1,Super rychlá vysokokapacitní lithiová baterie Sony NP-QM71D pro videokameru DCRDVD301 a HDRSR1,Super rychlá vysokokapacitní lithiová baterie Sony NP-QM71D pro videokameru DCRDVD301 a HDRSR1
pt::B00009MJK7,product_title,yes,Olympus Tcon-17 1.7x Telephoto Converter Lens,"Olympus Tcon-17 teleobjektiv s 1,7x zoomem","Olympus Tcon-17 teleobjektiv s 1,7x zoomem"
pt::B00009XFVK,product_title,yes,Cyber Acoustics CA-1001W-US Amplified Bay Speaker,Reproduktor Cyber ​​Acoustics CA-1001W-US se zesilovačem,Reproduktor Cyber ​​Acoustics CA-1001W-US se zesilovačem
pt::B0000AQIFW,product_title,yes,Rio Cali 128 MB Sport MP3 Player,Sportovní MP3 přehrávač Rio Cali 128 MB,Sportovní MP3 přehrávač Rio Cali 128 MB
pt::B0000BZL8X,product_title,yes,B+W 72mm Circular Polarizer with Multi-Resistant Coating,Kruhový polarizační objektiv B+W 72 mm s multirezistentní vrstvou,Kruhový polarizační objektiv B+W 72 mm s multirezistentní vrstvou
pt::B0000CFYMB,product_title,yes,Fujifilm Media 25367025 Empty Color Slim Jewel Cases - 25 Pack (Discontinued by Manufacturer),Prázdné barevné tenké pouzdra na šperky Fujifilm Media 25367025 – balení po 25 kusech (výrobce ukončil výrobu),Prázdné barevné tenké pouzdra na šperky Fujifilm Media 25367025 – balení po 25 kusech (výrobce ukončil výrobu)
pt::B0002DUQCM,product_title,yes,NH15BP-8 Energizer AA Nickel Metal Hydride Battery NH15BP-8,Baterie Energizer AA NH15BP-8 NH15BP-8,Baterie Energizer AA NH15BP-8 NH15BP-8
pt::B0002E5P1I,product_title,yes,Microsoft IntelliMouse Explorer for Bluetooth,Průzkumník Microsoft IntelliMouse pro Bluetooth,Průzkumník Microsoft IntelliMouse pro Bluetooth
pt::B0003QIXBY,product_title,yes,Verbatim 4.7 GB upto 16x Branded Recordable Disc DVD+R - 25 Disc Spindle 95033,"Verbatim 4,7 GB značkový zapisovatelný disk DVD+R až 16x – 25diskový ráfek 95033","Verbatim 4,7 GB značkový zapisovatelný disk DVD+R až 16x – 25diskový ráfek 95033"
pt::B0007MWE28,product_title,yes,Cables Unlimited 3-foot HDMI Male to Male Cable,Kabely Neomezený 90 cm dlouhý HDMI kabel samec-samec,Kabely Neomezený 90 cm dlouhý HDMI kabel samec-samec
pt::B0009RORAI,product_title,yes,Custom Brackets CB Digital-T,Vlastní závorky CB Digital-T,Vlastní závorky CB Digital-T
pt::B000B5TXQQ,product_title,yes,Verbatim 4.7 GB up to 16x DataLifePlus Shiny Silver Hub Logo Recordable Disc DVD-R (50-Disc Spindle) 95203,"Verbatim 4,7 GB zapisovatelný disk DVD-R DataLifePlus Shiny Silver Hub Logo až 16x (50diskový disk) 95203","Verbatim 4,7 GB zapisovatelný disk DVD-R DataLifePlus Shiny Silver Hub Logo až 16x (50diskový disk) 95203"
pt::B000B73O7I,product_title,yes,Custom Brackets AT Anti Twist Bar for the CB Digital-S and CB Digital-T Brackets,Vlastní konzole AT Protizkrutová lišta pro konzole CB Digital-S a CB Digital-T,Vlastní konzole AT Protizkrutová lišta pro konzole CB Digital-S a CB Digital-T
pt::B000BMP7IW,product_title,yes,Altec Lansing 2-PC USB & AC POWERED PORTABLE ( XT2 ),Přenosný počítač Altec Lansing pro 2 počítače s USB a síťovým napájením (XT2),Přenosný počítač Altec Lansing pro 2 počítače s USB a síťovým napájením (XT2)
pt::B000BRQU0Q,product_title,yes,SIIG 3.3-Feet Serial ATA External Cable (CB-SA0111-S1),"Externí kabel Serial ATA SIIG o délce 9,3 metru (CB-SA0111-S1)","Externí kabel Serial ATA SIIG o délce 9,3 metru (CB-SA0111-S1)"
pt::B000BSJFO8,product_title,yes,"SANOXY® USB Gender Changer, A Male To Male","SANOXY® USB měnič pohlaví, z muže na muže","SANOXY® USB měnič pohlaví, z muže na muže"
pt::B000EU0880,product_title,yes,"Car Cassette Adapter For MP3,iPod,XM,CD,MD,Sirius","Adaptér do auta pro kazety s MP3, iPod, XM, CD, MD, Sirius","Adaptér do auta pro kazety s MP3, iPod, XM, CD, MD, Sirius"
pt::B000EXS1BS,product_title,no,Garmin nüvi 360 3.5-Inch Bluetooth Portable GPS Navigator with Text-To-Speech,"Garmin n®vi 360 Přenosný GPS navigátor s 3,5palcovým displejem a Bluetooth a převodem textu na řeč","Garmin nüvi 360 Přenosný GPS navigátor s 3,5palcovým displejem a Bluetooth a převodem textu na řeč"
pt::B000FBK3RE,product_title,yes,Rf Remote Front Row Mac Only,RF dálkové ovládání pouze pro Mac v první řadě,RF dálkové ovládání pouze pro Mac v první řadě
pt::B000FVDD30,product_title,yes,Belkin XM Auto Cassette Adapter for Apple iPod / Apple iPhone,Adaptér Belkin XM Auto Case pro Apple iPod / Apple iPhone,Adaptér Belkin XM Auto Case pro Apple iPod / Apple iPhone
pt::B000I1YU5C,product_title,yes,"CableWholesale F-Pin Coaxail Connector Keystone Module Cable, White (322-120WH)","Velkoobchodní prodej F-pinového koaxiálního konektoru Keystone Module Cable, bílý (322-120WH)","Velkoobchodní prodej F-pinového koaxiálního konektoru Keystone Module Cable, bílý (322-120WH)"
pt::B000M57D94,product_title,no,Brand New Casio Digital Camera & Camcorder Home Travel Charger with Car Adapter For NP-20 Battery Compatible w/ Models: Casio Exilim EX-M1 / EX-M2 / EX-S1 / EX-S2 / EX-S3 / EX-Z3 / EX-M20U / EX-S20U / EX-S100 / EX-S500EO / EX-S500GY / EX-S500WE / EX-Z4U / EX-S600 / EX-S600BE / EX-S600EO / EX-S600SR / EX-Z4U / EX-S600 / EX-S600BE / EX-S600EO / EX-S600SR / EX-S600d / EX-S770 / EX-S770BE / EX-S770RD / EX-S770SR / EX-Z60 / EX-Z60BK / EX-Z60SR / EX-Z70 / EX-Z70BK / EX-Z70SR,Zbrusu nový digitální fotoaparát Casio & Cestovní nabíječka pro videokameru s adaptérem do auta pro baterii NP-20 kompatibilní s modely: Casio Exilim EX-M1 / EX-M2 / EX-S1 / EX-S2 / EX-S3 / EX-Z3 / EX-M20U / EX-S20U / EX-S100 / EX-S500EO / EX-S500GY / EX-S500WE / EX-Z4U / EX-S600 / EX-S600BE / EX-S600EO / EX-S600SR / EX-Z4U / EX-S600 / EX-S600BE / EX-S600EO / EX-S600SR / EX-S600d / EX-S770 / EX-S770BE / EX-S770RD / EX-S770SR / EX-Z60 / EX-Z60BK / EX-Z60SR / EX-Z70 / EX-Z70BK / EX-Z70SR,Zbrusu nová cestovní nabíječka pro digitální fotoaparáty a videokamery Casio s adaptérem do auta pro baterii NP-20 kompatibilní s modely: Casio Exilim EX-M1 / EX-M2 / EX-S1 / EX-S2 / EX-S3 / EX-Z3 / EX-M20U / EX-S20U / EX-S100 / EX-S500EO / EX-S500GY / EX-S500WE / EX-Z4U / EX-S600 / EX-S600BE / EX-S600EO / EX-S600SR / EX-Z4U / EX-S600 / EX-S600BE / EX-S600EO / EX-S600SR / EX-S600d / EX-S770 / EX-S770BE / EX-S770RD / EX-S770SR / EX-Z60 / EX-Z60BK / EX-Z60SR / EX-Z70 / EX-Z70BK / EX-Z70SR
pt::B000NMFCIA,product_title,no,"VideoSecu Tilt TV Wall Mount Bracket for Most 37""- 70"" LCD LED Plasma TV Flat Screen with VESA 200x200 to 700x400mm, Sturdy Steel Wall Plate Load Capacity 165lbs, 15 Degree Tilt up Free 7ft HDMI Cable and Bubble Level 3KR","Nástěnný držák VideoSecu Tilt pro většinu plochých LCD LED plazmových televizorů s úhlopříčkou 37"" - 70"", VESA 200x200 až 700x400 mm, robustní ocelová nástěnná deska s nosností 165 liber, možnost náklonu o 15 stupňů, volný úhel náklonu, 7 stop dlouhý HDMI kabel a vodováha 3KR.","Nástěnný držák VideoSecu Tilt pro většinu plochých LCD LED plazmových televizorů s úhlopříčkou 37"" - 70"" s VESA 200x200 až 700x400 mm, robustní ocelová nástěnná deska s nosností 165 liber, možnost náklonu o 15 stupňů, volný pohyb, HDMI kabel o délce 7 stop a vodováha 3KR."
pt::B000OH63MI,product_title,no,Garmin nüvi 650 4.3-Inch Portable GPS Navigator,"Přenosná GPS navigace Garmin n&uuml;vi 650 4,3 palce","Přenosný GPS navigátor Garmin nüvi 650 s 4,3palcovým displejem"
pt::B000P6J67C,product_title,yes,Motorola T9500XLR 25-Mile 2-Way Radio Pair,"Motorola T9500XLR, obousměrná rádiová stanice s dosahem 25 mil","Motorola T9500XLR, obousměrná rádiová stanice s dosahem 25 mil"
pt::B000R9J5OG,product_title,yes,Premium High Resolution 10FT / 3m 24K GOLD HDMI TO DVI M/M CABLE FOR HDTV PLASMA DVD,"Prémiový kabel HDMI-DVI s vysokým rozlišením, 3 m, 24karátové zlato, pro HDTV, plazmový a DVD, 10 stop / 24 stop (24K zlatý)","Prémiový kabel HDMI-DVI s vysokým rozlišením, 3 m, 24karátové zlato, pro HDTV, plazmový a DVD, 10 stop / 24 stop (24K zlatý)"
pt::B000U0JYZ2,product_title,yes,Vizio VIZIO VX42L 42IN 720P LCD HDTV (REFURBISHED),Vizio VIZIO VX42L 42palcový 720p LCD HDTV (REKONSTRUOVANÝ),Vizio VIZIO VX42L 42palcový 720p LCD HDTV (REKONSTRUOVANÝ)
pt::B000U0S1ZQ,product_title,yes,Petra PET0463 Single HDMI Wall Plate (White),Nástěnná deska Petra PET0463 s jedním HDMI konektorem (bílá),Nástěnná deska Petra PET0463 s jedním HDMI konektorem (bílá)
pt::B000U7NGCW,product_title,no,"SpeakerCraft AIM8 One 8"" AIMABLE INCEILING SPEAKER (EACH)","SpeakerCraft AIM8 Jeden 8"" NASTAVITELNÝ STROPNÍ REPRODUKTOR (KAŽDÝ)","SpeakerCraft AIM8 Jeden 8"" AIMABILNÍ STROPNÍ REPRODUKTOR (KAŽDÝ)"
pt::B000UD205K,product_title,yes,Shure MPA-3C Music Phone Adapter for iPhone,Shure MPA-3C adaptér pro hudební telefony a iPhone,Shure MPA-3C adaptér pro hudební telefony a iPhone
pt::B000VQ3R44,product_title,yes,Samsung T10 4 GB Slim Portable Media Player with Bluetooth (Black),Přenosný multimediální přehrávač Samsung T10 4 GB s technologií Bluetooth (černý),Přenosný multimediální přehrávač Samsung T10 4 GB s technologií Bluetooth (černý)
pt::B000ZSUQ9M,product_title,yes,"Gilsson UBM Portable Car Non-Skid Friction Beanbag Dashboard Mount for Garmin, TomTom, Magellan and more","Přenosný protiskluzový držák na sedací vak Gilsson UBM do auta pro Garmin, TomTom, Magellan a další","Přenosný protiskluzový držák na sedací vak Gilsson UBM do auta pro Garmin, TomTom, Magellan a další"
pt::B0011FTKFY,product_title,yes,Panasonic HDC-SD9 AVCHD 3CCD Flash Memory High Definition Camcorder with 10x Optical Image Stabilized Zoom,Videokamera Panasonic HDC-SD9 AVCHD 3CCD s flash pamětí a vysokým rozlišením s 10násobným optickým stabilizátorem obrazu,Videokamera Panasonic HDC-SD9 AVCHD 3CCD s flash pamětí a vysokým rozlišením s 10násobným optickým stabilizátorem obrazu
pt::B00133BAKM,product_title,yes,Portable Friction Beanbag Dashboard Mount,Přenosný držák na sedací vak Friction na palubní desku,Přenosný držák na sedací vak Friction na palubní desku
pt::B0013G8PTS,product_title,yes,New Trent: iTorch 5200mAh Ultra Portable USB Port External Battery Charger/Power Pack for Smartphones and more (w/built-in laser + flashlight),Nový Trent: iTorch 5200mAh ultra přenosná externí nabíječka/powerpack s USB portem pro chytré telefony a další (s vestavěným laserem a svítilnou),Nový Trent: iTorch 5200mAh ultra přenosná externí nabíječka/powerpack s USB portem pro chytré telefony a další (s vestavěným laserem a svítilnou)
pt::B0015A6YN6,product_title,yes,Arkon Removable Swivel Air Vent GPS Car Mount Holder for Garmin nuvi 40 50 200 2013 24x5 25x5 GPS,Odnímatelný otočný držák do auta Arkon s GPS navigací do větracího otvoru pro Garmin nuvi 40 50 200 2013 24x5 25x5 GPS,Odnímatelný otočný držák do auta Arkon s GPS navigací do větracího otvoru pro Garmin nuvi 40 50 200 2013 24x5 25x5 GPS
pt::B0015F0A8G,product_title,no,Garmin nüvi 205 3.5-Inch Portable GPS Navigator,"Garmin n&uuml;vi 205 3,5palcový přenosný GPS navigátor","Přenosný GPS navigátor Garmin nüvi 205 s 3,5palcovým displejem"
pt::B0017JHU10,product_title,yes,Rode Dead Kitten Windscreen,Čelní sklo Rode Dead Kitten,Čelní sklo Rode Dead Kitten
pt::B0017SVEDQ,product_title,yes,"Opteka Universal Soft Screen Flash Diffuser for Canon, Nikon, Pentax, Olympus, & Kodak On-Camera Pop-Up Flashes","Univerzální difuzér Opteka s měkkou clonou pro blesky Canon, Nikon, Pentax, Olympus a Kodak","Univerzální difuzér Opteka s měkkou clonou pro blesky Canon, Nikon, Pentax, Olympus a Kodak"
pt::B0018MEBNG,product_title,yes,Outlets To Go Power Strip with USB -  Black,Prodlužovací kabel s USB - černý,Prodlužovací kabel s USB - černý
pt::B001AXKY70,product_title,yes,Avenger E650 6-Inch Baby Pin With Collar (Silver),Dětský pin Avenger E650 6-palcový s límcem (stříbrný),Dětský pin Avenger E650 6-palcový s límcem (stříbrný)
pt::B001B8EOMU,product_title,yes,Microsoft Wireless Laser Desktop 6000 v3 (Black),Bezdrátová laserová stolní počítač Microsoft 6000 v3 (černá),Bezdrátová laserová stolní počítač Microsoft 6000 v3 (černá)
pt::B001C0QUW4,product_title,yes,DicaPac WP510 185x118  mm Large Alfa Waterproof Digital Camera Case with Optical Lens (Clear),Voděodolné pouzdro pro digitální fotoaparát DicaPac WP510 185x118 mm s optickým objektivem (čiré),Voděodolné pouzdro pro digitální fotoaparát DicaPac WP510 185x118 mm s optickým objektivem (čiré)
pt::B001D8AGA2,product_title,yes,HP KQ246AA 8.0 MP Deluxe Webcam,"Webová kamera HP KQ246AA s rozlišením 8,0 MP a luxusními detaily","Webová kamera HP KQ246AA s rozlišením 8,0 MP a luxusními detaily"
pt::B001G403CE,product_title,yes,"Fotodiox Metal Step Down Ring, Anodized Black Metal 52mm-49mm, 52-49 mm","Kovový spouštěcí kroužek Fotodiox, eloxovaný černý kov 52mm-49mm, 52-49 mm","Kovový spouštěcí kroužek Fotodiox, eloxovaný černý kov 52mm-49mm, 52-49 mm"
pt::B001O01928,product_title,yes,Your Cable Store DVI D Dual Link Female To Female Adapter,Váš obchod s kabely DVI-D Dual Link adaptér (samice-samice),Váš obchod s kabely DVI-D Dual Link adaptér (samice-samice)
pt::B001OMGVII,product_title,no,Garmin nüvi 855 4.3-Inch Portable GPS Navigator (Discontinued by Manufacturer),"Přenosný GPS navigátor Garmin n®vi 855 s 4,3palcovým displejem (výrobce ukončil výrobu)","Přenosný GPS navigátor Garmin nüvi 855 s 4,3palcovým displejem (výrobce ukončil výrobu)"
pt::B001P5HL3S,product_title,yes,"Shure EAADPT-KIT Adapter Kit (Combines 1/4"" Adapter, Airline Adapter, Attachable Volume Control)","Adaptérová sada Shure EAADPT-KIT (kombinuje adaptér 1/4"", adaptér pro leteckou linku a připojitelné ovládání hlasitosti)","Adaptérová sada Shure EAADPT-KIT (kombinuje adaptér 1/4"", adaptér pro leteckou linku a připojitelné ovládání hlasitosti)"
pt::B001P8B6P4,product_title,yes,"Intellinet CAT.6 Modular Inline Coupler Female to Female, FTP, Shielded Silver","Modulární inline propojovací kabel Intellinet CAT.6, samice-samice, FTP, stíněný, stříbrný","Modulární inline propojovací kabel Intellinet CAT.6, samice-samice, FTP, stíněný, stříbrný"
pt::B001PN37LA,product_title,no,Garmin nüvi 850 4.3-Inch Widescreen Portable GPS Navigator with Voice Command and FM Transmitter (Soft Black),"Garmin n&uem;vi 850 Přenosný GPS navigátor se 4,3palcovým širokoúhlým displejem, hlasovým ovládáním a FM vysílačem (jemně černá)","Garmin nüvi 850 Přenosný GPS navigátor se 4,3palcovým širokoúhlým displejem, hlasovým ovládáním a FM vysílačem (jemně černá)"
pt::B001SH2AVQ,product_title,yes,Laptop Battery for Select Apple MacBooks,Baterie pro notebooky Apple MacBook,Baterie pro notebooky Apple MacBook
pt::B001TK3EJE,product_title,yes,Manfrotto 7302YB M-Y Tripod with Ball Replaces 725B,"Manfrotto 7302YB M-Y stativ s kuličkou, nahrazuje 725B","Manfrotto 7302YB M-Y stativ s kuličkou, nahrazuje 725B"
pt::B00212O4IE,product_title,no,Gigabyte Core 2 Quad/Intel G41/DDR2/A&V&GbE/MATX/DualBIOS Motherboard GA-G41M-ES2L,Základní deska Gigabyte Core 2 Quad/Intel G41/DDR2/A&amp;V&amp;GbE/MATX/DualBIOS GA-G41M-ES2L,Základní deska Gigabyte Core 2 Quad/Intel G41/DDR2/A&V&GbE/MATX/DualBIOS GA-G41M-ES2L
pt::B0027FGW3K,product_title,yes,RCA CANT1650F Flat Digital Amplified Indoor TV Antenna,Plochá digitální zesilovač pro vnitřní televizi RCA CANT1650F,Plochá digitální zesilovač pro vnitřní televizi RCA CANT1650F
pt::B0027UVTQA,product_title,yes,Zoom RC4 Wired Remote Control For Zoom H4n,Dálkové ovládání Zoom RC4 pro Zoom H4n,Dálkové ovládání Zoom RC4 pro Zoom H4n
pt::B002B4P788,product_title,yes,Logitech Wireless Desktop MK 300,Bezdrátová stolní myš Logitech MK 300,Bezdrátová stolní myš Logitech MK 300
pt::B002BDU6IU,product_title,yes,Maximal Power Replacement Battery Kit for iPod Video 30 GB -Silver,Náhradní baterie Maximum Power pro iPod Video 30 GB - stříbrná,Náhradní baterie Maximum Power pro iPod Video 30 GB - stříbrná
pt::B002JCSCYS,product_title,yes,Microsoft Wireless Comfort Desktop 5000,Bezdrátová klávesnice Microsoft Comfort Desktop 5000,Bezdrátová klávesnice Microsoft Comfort Desktop 5000
pt::B002K40R6G,product_title,yes,"Fotodiox Dedicated (Bayonet) Lens Hood, for Canon EF 75-300mm f/4.0-5.6 USM, II, II USM, III & III USM Lenses, Canon EF-S 55-250mm IS Lens as Canon ET-60","Sluneční clona Fotodiox (bajonetová) pro objektivy Canon EF 75-300 mm f/4.0-5.6 USM, II, II USM, III a III USM, Canon EF-S 55-250 mm IS a Canon ET-60","Sluneční clona Fotodiox (bajonetová) pro objektivy Canon EF 75-300 mm f/4.0-5.6 USM, II, II USM, III a III USM, Canon EF-S 55-250 mm IS a Canon ET-60"
pt::B002K4512Q,product_title,yes,Black Rapid RS-5 Camera Strap,Černý popruh na fotoaparát Rapid RS-5,Černý popruh na fotoaparát Rapid RS-5
pt::B002N17ZSE,product_title,yes,Linksys by Cisco EtherFast 10/100 5-Port Workgroup Switch - Linksys Certified Refurbished Product,Linksys by Cisco EtherFast 10/100 5portový pracovní přepínač - repasovaný produkt certifikovaný společností Linksys,Linksys by Cisco EtherFast 10/100 5portový pracovní přepínač - repasovaný produkt certifikovaný společností Linksys
pt::B002NWTEUK,product_title,yes,"Leviton 6527-W 120V AC Decora LED Full Guide Light, White","Leviton 6527-W 120V AC Decora LED osvětlení s plným naváděcím vodičem, bílé","Leviton 6527-W 120V AC Decora LED osvětlení s plným naváděcím vodičem, bílé"
pt::B002TLT6U8,product_title,yes,Case Logic ENST-110K 7 - 10.2-Inch Laptop/iPad/Netbook Sleeve (Cableknit),"Pouzdro Case Logic ENST-110K pro 7"" notebook/iPad/netbook 10,2"" (Cableknit)","Pouzdro Case Logic ENST-110K pro 7"" notebook/iPad/netbook 10,2"" (Cableknit)"
pt::B002U0KE8Q,product_title,yes,Full Size BTC M810PU 800 dpi Stylish USB Optical Desktop Mouse - Black. FCC & CE Safety Approved,Stylová optická stolní myš BTC M810PU s rozlišením 800 dpi a USB – černá. Schváleno pro bezpečnost FCC a CE.,Stylová optická stolní myš BTC M810PU s rozlišením 800 dpi a USB – černá. Schváleno pro bezpečnost FCC a CE.
pt::B002U558IM,product_title,yes,"ePhoto UB4 Double Off Camera Flash Kit with Carrying Bag with 2 each of 7 Foot Stands with Brackets, 33-Inch Reflector Umbrellas and 32-Inch White Umbrellas","Sada blesků pro fotoaparát ePhoto UB4 s dvojitým odnímatelným bleskem a přepravní taškou, 2 ks 7stopých stojanů s držáky, 33palcové reflektorové slunečníky a 32palcové bílé slunečníky","Sada blesků pro fotoaparát ePhoto UB4 s dvojitým odnímatelným bleskem a přepravní taškou, 2 ks 7stopých stojanů s držáky, 33palcové reflektorové slunečníky a 32palcové bílé slunečníky"
pt::B0030QUU4M,product_title,yes,Chumby one,Baculatý jeden,Baculatý jeden
pt::B0032GTLH2,product_title,yes,For Canon Pixma USB 2.0 Printer Cable Cord A-B NEW 6',Pro kabel tiskárny Canon Pixma USB 2.0 A-B NOVÝ 6',Pro kabel tiskárny Canon Pixma USB 2.0 A-B NOVÝ 6'
pt::B0032OZNDK,product_title,yes,"Generic 11.10V,7200mAh, 9 cells, Li-Ion, Replacement Laptop Battery For Dell Inspiron 1501, Inspiron 6400, Inspiron E1505, Latitude 131L, Vostro 1000 Brand New","Baterie do notebooku Dell Inspiron 1501, 6400 mAh, 11,10 V, 7200 mAh, 9 článků, Li-Ion, nová","Baterie do notebooku Dell Inspiron 1501, 6400 mAh, 11,10 V, 7200 mAh, 9 článků, Li-Ion, nová"
pt::B0033HPYIA,product_title,yes,DIY 18/2 100 Feet In Wall Speaker Wire Spool CL2 Rated UL Listed,"DIY 18/2 100 stop do cívky s drátem pro nástěnné reproduktory, CL2, certifikace UL","DIY 18/2 100 stop do cívky s drátem pro nástěnné reproduktory, CL2, certifikace UL"
pt::B00365EE2G,product_title,yes,Targus Mobile Laptop Charger (DC) with Limited Two Year Warranty APD80US (Black),Nabíječka pro mobilní notebooky Targus (DC) s omezenou dvouletou zárukou APD80US (černá),Nabíječka pro mobilní notebooky Targus (DC) s omezenou dvouletou zárukou APD80US (černá)
pt::B0038P1TP4,product_title,yes,"Plugable USB 2.0 to VGA/DVI/HDMI VGA / DVI / HDMI Video Graphics Adapter Card for Multiple Monitors up to 2048x1152 / 1920x1200 Each (DisplayLink DL-195 Chipset - Supports Windows 8.1, 8, 7, and XP)","Grafický adaptér s konektorem USB 2.0 na VGA/DVI/HDMI VGA/DVI/HDMI pro více monitorů s rozlišením až 2048x1152 / 1920x1200 (čipová sada DisplayLink DL-195 - podporuje Windows 8.1, 8, 7 a XP)","Grafický adaptér s konektorem USB 2.0 na VGA/DVI/HDMI VGA/DVI/HDMI pro více monitorů s rozlišením až 2048x1152 / 1920x1200 (čipová sada DisplayLink DL-195 - podporuje Windows 8.1, 8, 7 a XP)"
pt::B0039BPG4C,product_title,yes,Case Logic Medium Camera and Flash Camcorder Case,Pouzdro na fotoaparát a blesk Case Logic Medium,Pouzdro na fotoaparát a blesk Case Logic Medium
pt::B0039YXNVC,product_title,yes,Pioneer DEH-P5200HD CD Receiver with HD Radio and iPod Direct Control,CD receiver Pioneer DE-P5200HD s HD rádiem a přímým ovládáním iPodu,CD receiver Pioneer DE-P5200HD s HD rádiem a přímým ovládáním iPodu
pt::B003B1ASV6,product_title,no,Telephone Phone Line Recorder Adapter RJ11>3.5mm Audio,"Adaptér pro telefonní linku s nahráváním RJ11 a 3,5 mm audio","Adaptér pro telefonní linku s nahráváním RJ11 > 3,5mm audio"
pt::B003BQ91Y6,product_title,no,Furman M-8X2 Merit Series 8 Outlet Power Conditioner and Surge Protector,Furman M-8X2 Merit Series 8zásuvkový napájecí adaptér a přepěťová ochrana,Furman M-8X2 Merit Series 8-zásuvkový napájecí adaptér a přepěťová ochrana
pt::B003L1AFC8,product_title,yes,Monoprice 50ft 14AWG Enhanced Loud Oxygen-Free Copper Speaker Wire Cable,"Reproduktorový kabel Monoprice 50 stop (14AWG) z vylepšené bezkyslíkaté mědi, průměr 14 stop (50 stop)","Reproduktorový kabel Monoprice 50 stop (14AWG) z vylepšené bezkyslíkaté mědi, průměr 14 stop (50 stop)"
pt::B003NQ9U04,product_title,yes,Wilson Electronics - Sleek 4G - Cell Phone Signal Booster for Single User - Retail Packaging - Black,Wilson Electronics - Elegantní 4G - Zesilovač signálu mobilního telefonu pro jednoho uživatele - Maloobchodní balení - Černý,Wilson Electronics - Elegantní 4G - Zesilovač signálu mobilního telefonu pro jednoho uživatele - Maloobchodní balení - Černý
pt::B003NSC2WU,product_title,yes,Sigma 85mm f/1.4 EX DG HSM Large Aperture Medium Telephoto Prime Lens for Canon Digital SLR Cameras,Sigma 85mm f/1.4 EX DG HSM Střední teleobjektiv s pevnou ohniskovou vzdáleností pro digitální zrcadlovky Canon,Sigma 85mm f/1.4 EX DG HSM Střední teleobjektiv s pevnou ohniskovou vzdáleností pro digitální zrcadlovky Canon
pt::B003U2WYMC,product_title,no,Verbatim 100PK DVD-R 16X 4.7GB 120MIN SUPL SPINDLE LIFE SERIES,"Verbatim DVD-R 16X 4,7GB, 120min, 100ks, náhradní díl, Spindle Life, série...","Verbatim DVD-R 16X 4,7GB, 120min, 100ks, náhradní díl, Spindle Life, série"
pt::B003UI62AG,product_title,yes,Plugable USB 3.0/2.0 SATA Hard Drive Docking Station (ASMedia Chipset; UASP and 3TB+ Support),Dokovací stanice pro pevné disky SATA s konektorem USB 3.0/2.0 (čipová sada ASMedia; podpora UASP a 3TB+),Dokovací stanice pro pevné disky SATA s konektorem USB 3.0/2.0 (čipová sada ASMedia; podpora UASP a 3TB+)
pt::B003VOW5WI,product_title,yes,"zBoost ZB545 SOHO Dual-Band Cell Phone Signal Booster for Home and Office up to 2,500 sq. ft. of Coverage",zBoost ZB545 SOHO dvoupásmový zesilovač signálu mobilního telefonu pro domácnosti a kanceláře s pokrytím až 2 500 čtverečních stop (cca 2 500 čtverečních stop),zBoost ZB545 SOHO dvoupásmový zesilovač signálu mobilního telefonu pro domácnosti a kanceláře s pokrytím až 2 500 čtverečních stop (cca 2 500 čtverečních stop)
pt::B003VSTDFG,product_title,yes,"Plugable USB 2.0 to 10/100/1000 Gigabit Ethernet LAN Wired Network Adapter for Windows, Mac, Chromebook, Linux, and Specific Android Tablets (ASIX AX88178 Chipset)","Připojitelný kabelový síťový adaptér USB 2.0 na 10/100/1000 Gigabit Ethernet LAN pro Windows, Mac, Chromebook, Linux a vybrané tablety Android (čipová sada ASIX AX88178)","Připojitelný kabelový síťový adaptér USB 2.0 na 10/100/1000 Gigabit Ethernet LAN pro Windows, Mac, Chromebook, Linux a vybrané tablety Android (čipová sada ASIX AX88178)"
pt::B003WLZ1XA,product_title,yes,Rosewill RCX-Z300 92mm Ball CPU Cooler,Chladič procesoru Rosewill RCX-Z300 92mm kulový,Chladič procesoru Rosewill RCX-Z300 92mm kulový
pt::B003XRGXDK,product_title,yes,Cmple - USB 2.0 MALE A to Micro B 5 PIN Gold Plated Cable -10FT Black,"Kabel USB 2.0 samec A na micro B, 5pinový, pozlacený, 3 m, černý","Kabel USB 2.0 samec A na micro B, 5pinový, pozlacený, 3 m, černý"
pt::B003YFG12E,product_title,yes,eForCity Car Stereo Audio Cassette Tape Adapter for MP3 (iPod Nano (touch (CDs (Nomad (Sansa and Zune,Adaptér pro audiokazety do auta eForCity s MP3 (iPod Nano (touch) (CD (Nomad (Sansa a Zune)),Adaptér pro audiokazety do auta eForCity s MP3 (iPod Nano (touch) (CD (Nomad (Sansa a Zune))
pt::B003YH2GH6,product_title,yes,ePhoto Photograph Video Continuous lighting Hair Light Kit SB45W,ePhoto Fotografie Video Nepřetržité osvětlení Sada pro osvětlení vlasů SB45W,ePhoto Fotografie Video Nepřetržité osvětlení Sada pro osvětlení vlasů SB45W
pt::B003YMIUD0,product_title,yes,Rosewill RCP-E150C 150W Can Sized Silence Car Inverter with 1 Amp USB Port,Měnič do auta Rosewill RCP-E150C 150W s tichým proudem a 1ampérovým USB portem,Měnič do auta Rosewill RCP-E150C 150W s tichým proudem a 1ampérovým USB portem
pt::B003Z4G3I6,product_title,yes,Plugable 7 Port High Speed USB 2.0 Hub with 3A Power Adapter,Zásuvný 7portový vysokorychlostní USB 2.0 hub s 3A napájecím adaptérem,Zásuvný 7portový vysokorychlostní USB 2.0 hub s 3A napájecím adaptérem
pt::B003ZBZ64Q,product_title,yes,"New Trent iCarrier 12000mAh Portable Dual USB Port External Battery Charger/Power Pack for Smartphones, Tablets and more (Now w/Micro-USB charge port)","Nová přenosná externí nabíječka/powerpack Trent iCarrier 12000mAh s duálním USB portem pro chytré telefony, tablety a další (nyní s nabíjecím portem micro-USB)","Nová přenosná externí nabíječka/powerpack Trent iCarrier 12000mAh s duálním USB portem pro chytré telefony, tablety a další (nyní s nabíjecím portem micro-USB)"
pt::B003ZX8AZQ,product_title,no,Garmin nüvi 1300LM 4.3-Inch Portable GPS Navigator (Discontinued by Manufacturer),"Přenosný GPS navigátor Garmin n®vi 1300LM s 4,3palcovým displejem (výrobce ukončil výrobu)","Přenosný GPS navigátor Garmin nüvi 1300LM s 4,3palcovým displejem (výrobce ukončil výrobu)"
pt::B003ZX8B1E,product_title,no,Garmin nüvi 1390LMT 4.3-Inch Portable Bluetooth GPS Navigator with Lifetime Map & Traffic Updates (Discontinued by Manufacturer),"Garmin n®vi 1390LMT Přenosný 4,3palcový Bluetooth GPS navigátor s doživotními aktualizacemi map a dopravních informací (výrobce ukončil výrobu)","Garmin nüvi 1390LMT Přenosný 4,3palcový Bluetooth GPS navigátor s doživotními aktualizacemi map a dopravních informací (výrobce ukončil výrobu)"
pt::B00479TG3C,product_title,yes,Olympus Casual Premium Canvas Case for Pen Camera - Black,Plátěné pouzdro Olympus Casual Premium pro perový fotoaparát - černé,Plátěné pouzdro Olympus Casual Premium pro perový fotoaparát - černé
pt::B0047EKLWW,product_title,yes,"USA Gear S3 Canon Digital Camera Pouch Carrying Case with Impact-Resistant Protective Nylon for Canon PowerShot SX280 HS , SX270 , SX260 , S120 , G15 and More Digital Cameras!","Pouzdro na digitální fotoaparát Canon Gear S3 s nárazuvzdorným ochranným nylonem pro fotoaparáty Canon PowerShot SX280 HS, SX270, SX260, S120, G15 a další!","Pouzdro na digitální fotoaparát Canon Gear S3 s nárazuvzdorným ochranným nylonem pro fotoaparáty Canon PowerShot SX280 HS, SX270, SX260, S120, G15 a další!"
pt::B00483WRZ6,product_title,yes,Plugable USB 2.0 10 Port Hub (12.5W Power Adapter),"Připojitelný USB 2.0 10portový hub (12,5W napájecí adaptér)","Připojitelný USB 2.0 10portový hub (12,5W napájecí adaptér)"
pt::B0048WIXZK,product_title,yes,"Fotodiox 10DISH-22-Bwn-kit 22-Inch Pro Beauty Dish Kit with Honeycomb Grid for Bowens Gemini Standard, Classica Powerpack, R Series, Rx Series and Pro Series Strobe Flash Light","Fotodiox 10DISH-22-Bwn-kit 22palcová profesionální kosmetická sada s voštinovou mřížkou pro zábleskové světlo Bowens Gemini Standard, Classica Powerpack, řady R, řady Rx a řady Pro","Fotodiox 10DISH-22-Bwn-kit 22palcová profesionální kosmetická sada s voštinovou mřížkou pro zábleskové světlo Bowens Gemini Standard, Classica Powerpack, řady R, řady Rx a řady Pro"
pt::B004AFEYU8,product_title,yes,Monoprice Fastening Tape 0.75inch One Wrap Hook & Loop Fastening Tape 5 yard/Roll - Red,"Upevňovací páska Monoprice 0,75 palce, jednorázová, suchý zip, role, 5 yardů - červená","Upevňovací páska Monoprice 0,75 palce, jednorázová, suchý zip, role, 5 yardů - červená"
pt::B004BATXQC,product_title,yes,Plugable 44-Inch USB 2.0 Extension Cable With Vertical-Facing Dock-Style Port,Zásuvný 44palcový prodlužovací kabel USB 2.0 s vertikálním portem ve stylu doku,Zásuvný 44palcový prodlužovací kabel USB 2.0 s vertikálním portem ve stylu doku
pt::B004CR3XEW,product_title,yes,LA robe Club MB13 Black/Safran,LA župan Club MB13 Black/Safran,LA župan Club MB13 Black/Safran
pt::B004GGWOSK,product_title,yes,"EMTEC M320 Animal Series 4 GB USB 2.0 Flash Drive, Chicken (EKMMD4GM320)","EMTEC M320 Animal Series 4 GB USB 2.0 flash disk, kuřecí (EKMMD4GM320)","EMTEC M320 Animal Series 4 GB USB 2.0 flash disk, kuřecí (EKMMD4GM320)"
pt::B004JXVLQ6,product_title,yes,MSI Radeon HD5450 Pcie 1GB DDR3 HDmi Dvi VGA 650MHZ 64BIT Heatsink,Chladič MSI Radeon HD5450 PCI 1GB DDR3 HDMI Dvi VGA 650MHZ 64BIT,Chladič MSI Radeon HD5450 PCI 1GB DDR3 HDMI Dvi VGA 650MHZ 64BIT
pt::B004M8SVGG,product_title,no,Nikon COOLPIX P300 12.2 CMOS Digital Camera with 4.2x f/1.8 NIKKOR Wide-Angle Optical Zoom Lens and Full HD 1080p Video (Black),"Digitální fotoaparát Nikon COOLPIX P300 s 12,2"" CMOS snímačem, širokoúhlým objektivem NIKKOR s 4,2x světelností f/1,8 a natáčením videa v rozlišení Full HD 1080p (černý)","Digitální fotoaparát Nikon COOLPIX P300 s 12,2"" CMOS snímačem, širokoúhlým objektivem NIKKOR s 4,2x světelností f/1,8 a možností natáčení videa v rozlišení Full HD 1080p (černý)"
pt::B004UM7124,product_title,yes,"Bolo Canon EOS Macro Extension Tube Set Kit for Extreme Close-up, fits Canon EOS 1d,1ds,Mark II, III, IV, 5D, Mark II, 7D, 10D, 20D, 30D, 40D, 50D, 60D, Digital Rebel xt, xti, xs, xsi, t1i, t2i, 300D, 350D, 400D, 450D, 500D, 550D, 1000D with FREE MICRO CLEANING CLOTH","Sada prodlužovacích tubusů Bolo pro Canon EOS Macro pro extrémní detailní záběry, vhodná pro Canon EOS 1d, 1ds, Mark II, III, IV, 5D, Mark II, 7D, 10D, 20D, 30D, 40D, 50D, 60D, Digital Rebel xt, xti, xs, xsi, t1i, t2i, 300D, 350D, 400D, 450D, 500D, 550D, 1000D s BEZPLATNÝM ČISTICÍM HADRÍKEM MICRO.","Sada prodlužovacích tubusů Bolo pro Canon EOS Macro pro extrémní detailní záběry, vhodná pro Canon EOS 1d, 1ds, Mark II, III, IV, 5D, Mark II, 7D, 10D, 20D, 30D, 40D, 50D, 60D, Digital Rebel xt, xti, xs, xsi, t1i, t2i, 300D, 350D, 400D, 450D, 500D, 550D, 1000D s BEZPLATNÝM ČISTICÍM HADRÍKEM MICRO."
pt::B004XJCCQO,product_title,no,SHUTTLE XS35V2 PC Barebone System,Počítačový systém SHUTTLE XS35V2 s barebone procesorem,Počítačový systém SHUTTLE XS35V2 Barebone
pt::B004XT6WV0,product_title,yes,Coby Kyros 7-Inch Android 2.3 4 GB Internet Touchscreen Table- MID7016-4G (Black),"Tablet Coby Kyros 7 palců s dotykovou obrazovkou, Android 2.3, 4 GB, internetem a 4 GB – MID7016-4G (černý)","Tablet Coby Kyros 7 palců s dotykovou obrazovkou, Android 2.3, 4 GB, internetem a 4 GB – MID7016-4G (černý)"
pt::B004YW79F4,product_title,yes,Yongnuo RF-603 N3 2.4GHz Wireless Flash Trigger/Wireless Shutter Release Transceiver Kit for Nikon D90/D3100/D5000/D7000,"Yongnuo RF-603 N3 2,4 GHz bezdrátový vysílač/přijímač spouště blesku pro Nikon D90/D3100/D5000/D7000","Yongnuo RF-603 N3 2,4 GHz bezdrátový vysílač/přijímač spouště blesku pro Nikon D90/D3100/D5000/D7000"
pt::B0051KO7IU,product_title,yes,Silver HARD METAL Durable/Portable 2-way Stand for iPad iPad 2 ipad2 Motorola Xoom Blackberry Playbook Samsung Galaxy TAB HTC Flyer,"Stříbrný TVRDOKOVÝ Odolný/přenosný 2cestný stojan pro iPad, iPad 2, iPad2, Motorola, Xoom, Blackberry, Playbook, Samsung, Galaxy TAB, HTC Flyer","Stříbrný TVRDOKOVÝ Odolný/přenosný 2cestný stojan pro iPad, iPad 2, iPad2, Motorola, Xoom, Blackberry, Playbook, Samsung, Galaxy TAB, HTC Flyer"
pt::B0052LAVPG,product_title,yes,Arctic Silver CMQ2-2.7G Ceramique 2 Tri-Linear Thermal Compound,Teplovodní pasta Arctic Silver CMQ2-2.7G Ceramique 2 Tri-Linear,Teplovodní pasta Arctic Silver CMQ2-2.7G Ceramique 2 Tri-Linear
pt::B0055I183U,product_title,no,"PHILIPS DVD+R 8.5G INKJET DAUL, LAYER,CAKE BOX, 50PKS, 600/CRN A2","PHILIPS DVD+R 8,5G inkoustová mechanika DAUL, vrstvená, krabice na dort, 50 ks, 600 listů, A2","PHILIPS DVD+R 8,5G inkoustová mechanika DAUL, vrstvená, dortová krabička, 50 kusů, 600 listů, A2"
pt::B0056QHJ8E,product_title,yes,Arctic Silver CMQ2-25G Ceramique 2 Tri-Linear Thermal Compound,Teplovodní pasta Arctic Silver CMQ2-25G Ceramique 2 Tri-Linear,Teplovodní pasta Arctic Silver CMQ2-25G Ceramique 2 Tri-Linear
pt::B00576T1G6,product_title,yes,Diablotek DA 300-Watts ATX 12-Vault V2.31 Power Supply PSDA300,"Napájecí zdroj Diablotek DA 300 W, ATX 12 úložných prostorů V2.31, PSDA300","Napájecí zdroj Diablotek DA 300 W, ATX 12 úložných prostorů V2.31, PSDA300"
pt::B0057ODG6Y,product_title,no,Garmin nüvi 40LM 4.3-Inch Portable GPS Navigator with Lifetime Maps (US),"Garmin n®vi 40LM Přenosný GPS navigátor 4,3 palce s doživotními mapami (USA)","Garmin nüvi 40LM Přenosný GPS navigátor 4,3 palce s doživotními mapami (USA)"
pt::B005AK2X8W,product_title,yes,Crumpler MD-06-12A 6 Million Dollar Home,Crumpler MD-06-12A 6 milionů dolarů domů,Crumpler MD-06-12A 6 milionů dolarů domů
pt::B005DFI5ZY,product_title,yes,Cactus V5 Wireless Flash Trigger,Bezdrátový blesk Cactus V5,Bezdrátový blesk Cactus V5
pt::B005DIBFYE,product_title,no,Garmin nüvi 3490LMT 4.3-Inch Portable GPS Navigator with Lifetime Maps and Traffic (Discontinued by Manufacturer),"Garmin n®vi 3490LMT Přenosný GPS navigátor s 4,3palcovým displejem a doživotními mapami a dopravními informacemi (výrobce ukončil výrobu)","Garmin nüvi 3490LMT Přenosný GPS navigátor 4,3 palce s doživotními mapami a dopravními informacemi (výrobce ukončil výrobu)"
pt::B005EP2HMU,product_title,yes,Onkyo HT-S8409 7.1-Channel Network A/V Receiver/Speaker Package,Onkyo HT-S8409 7.1kanálový síťový A/V receiver/reproduktor,Onkyo HT-S8409 7.1kanálový síťový A/V receiver/reproduktor
pt::B005FPT5YW,product_title,yes,IO Crest SY-HUB20076 3.5 Inch Internal 4 Port USB 3.0 HUB design for Floppy drive bay,"IO Crest SY-HUB20076 3,5palcový interní 4portový USB 3.0 HUB pro disketovou mechaniku","IO Crest SY-HUB20076 3,5palcový interní 4portový USB 3.0 HUB pro disketovou mechaniku"
pt::B005HMO6A6,product_title,yes,"New Trent Airbender 1.0 - Wireless Bluetooth Clamshell iPad Keyboard Case. Compatible: iPad 4, iPad 3 and iPad 2. (upgraded version)","Nové Trent Airbender 1.0 - Bezdrátové Bluetooth véčkové pouzdro s klávesnicí pro iPad. Kompatibilní s: iPad 4, iPad 3 a iPad 2. (vylepšená verze)","Nové Trent Airbender 1.0 - Bezdrátové Bluetooth véčkové pouzdro s klávesnicí pro iPad. Kompatibilní s: iPad 4, iPad 3 a iPad 2. (vylepšená verze)"
pt::B005LEWZ0S,product_title,yes,GMYLE (R) Transparent Crystal Hard Macbook Air Case (For 13 Inches) - With TPU Transparent Protective Keyboard Cover (Fit For 2013 Model),GMYLE (R) Průhledný kryt z křišťálového skla pro Macbook Air (pro 13 palců) - s průhledným ochranným krytem klávesnice z TPU (vhodné pro model 2013),GMYLE (R) Průhledný kryt z křišťálového skla pro Macbook Air (pro 13 palců) - s průhledným ochranným krytem klávesnice z TPU (vhodné pro model 2013)
pt::B005LTU6VI,product_title,no,Intel G540 CPU 2.50 GHZ 2M CACHE 2.5 2 LGA 1155 Processor (BX80623G540),"Procesor Intel G540 2,50 GHz 2 MB CACHE 2,5 palce, 2 patice LGA 1155 (BX80623G540)","Procesor Intel G540 2,50 GHz, 2 MB CACHE, 2,5"", 2 patice LGA 1155 (BX80623G540)"
pt::B005NCS304,product_title,yes,"Canon Powershot SX40 HS 12.1MP Digital Camera with 35x Wide Angle Optical Image Stabilized Zoom and 2.7-inch Vari-Angle Wide LCD Premiere Bundle With 8 GB Secure Digital High Capacity (SDHC) Memory Card, Digpro Compact Camera Deluxe Carrying Case, Cleanin","Digitální fotoaparát Canon Powershot SX40 HS s rozlišením 12,1 MP, 35násobným širokoúhlým zoomem, optickou stabilizací obrazu a 2,7palcovým otočným širokoúhlým LCD displejem. Premiere sada s 8GB paměťovou kartou SDHC (Secure Digital High Capacity), luxusním přepravním pouzdrem Digpro Compact Camera, čisticím pouzdrem.","Digitální fotoaparát Canon Powershot SX40 HS s rozlišením 12,1 MP, 35násobným širokoúhlým zoomem, optickou stabilizací obrazu a 2,7palcovým otočným širokoúhlým LCD displejem. Premiere sada s 8GB paměťovou kartou SDHC (Secure Digital High Capacity), luxusním přepravním pouzdrem Digpro Compact Camera, čisticím pouzdrem."
pt::B005NHTG6O,product_title,yes,Belkin Kitchen Stand and Wand / Stylus for Tablets,Stojan a pero/stylus Belkin pro tablety,Stojan a pero/stylus Belkin pro tablety
pt::B005X64OQW,product_title,yes,Case Logic EHC-102 Pro Point and Shoot Camera Case (Black),Pouzdro na fotoaparát Case Logic EHC-102 Pro (černé),Pouzdro na fotoaparát Case Logic EHC-102 Pro (černé)
pt::B005Z1E3IY,product_title,yes,Micro SATA Cables - PC USB 2.0 Cable Device Voltage Current Meter Tester,"Kabely Micro SATA - PC USB 2.0 kabel, zařízení, měřič napětí a proudu","Kabely Micro SATA - PC USB 2.0 kabel, zařízení, měřič napětí a proudu"
pt::B0067S8IZ8,product_title,yes,Crazy Cart 48-LED CCTV Ir Infrared Night Vision Illuminator,Crazy Cart 48-LED CCTV infračervený noční vidění,Crazy Cart 48-LED CCTV infračervený noční vidění
pt::B0068INSUM,product_title,yes,CM Storm QuickFire Rapid - Tenkeyless Mechanical Gaming Keyboard with CHERRY MX Blue Switches,CM Storm QuickFire Rapid - mechanická herní klávesnice bez kláves s modrými spínači CHERRY MX,CM Storm QuickFire Rapid - mechanická herní klávesnice bez kláves s modrými spínači CHERRY MX
pt::B006IBP38E,product_title,yes,"MoKo 360 Degrees Rotating Stand Case for Amazon Kindle Fire, BLACK","Otočný stojan MoKo o 360 stupňů pro Amazon Kindle Fire, ČERNÝ","Otočný stojan MoKo o 360 stupňů pro Amazon Kindle Fire, ČERNÝ"
pt::B006RBODUO,product_title,yes,COSMOS 5.25-Inch Trayless Mobile Rack for 3.5-Inch Internal HDD Hard Drive,"Mobilní stojan COSMOS 5,25 palce bez přihrádky pro 3,5palcový interní pevný disk","Mobilní stojan COSMOS 5,25 palce bez přihrádky pro 3,5palcový interní pevný disk"
pt::B006VAD2C6,product_title,no,"COSMOS desktop computer ATX/MATX companion, blank drawer rack (5.25""), for computer accessories/storage devices+Cosmos Cable Tie","Stolní počítač COSMOS ATX/MATX, prázdný zásuvkový regál (5,25""), pro počítačové příslušenství/úložná zařízení + kabelová páska Cosmos","Stolní počítač COSMOS ATX/MATX, prázdný zásuvkový nosič (5,25""), pro počítačové příslušenství/úložná zařízení + kabelová páska Cosmos"
pt::B0070ZHY6G,product_title,no,"MINI USB COOLING FAN, FITS NETBOOKS/NOTEBOOKS UP TO 15""","MINI USB CHLADICÍ VENTILÁTOR, VHODNÝ PRO NETBOOKY/NOTEBOOKY DO ÚHLOPRÉLKY 15""","MINI USB CHLADICÍ VENTILÁTOR, VHODNÝ PRO NETBOOKY/NOTEBOOKY DO ÚHLOPRIČKY 15"""
pt::B0074KBLAW,product_title,no,ORICO 7618SUS3 Super speed USB 3.0 & eSATA to SATA for 3.5 Inch External SATA Hard Drive HDD Enclosure Case Tool Free - Black,"ORICO 7618SUS3 Super speed USB 3.0 a eSATA na SATA pro 3,5palcový externí SATA pevný disk, pouzdro na pevný disk, nástroj zdarma - černé","ORICO 7618SUS3 Super speed USB 3.0 a eSATA na SATA pro 3,5palcový externí SATA pevný disk, pouzdro pro HDD, nástroj zdarma - černé"
pt::B0077E48FA,product_title,yes,Toshiba 55L6200U 55-Inch 1080p 120Hz 3DP Smart TV (Black) (2012 Model),"Toshiba 55L6200U 55palcová chytrá televize s rozlišením 1080p a obnovovací frekvencí 120 Hz, 3DP a rozlišením 3DP (černá) (model z roku 2012)","Toshiba 55L6200U 55palcová chytrá televize s rozlišením 1080p a obnovovací frekvencí 120 Hz, 3DP a rozlišením 3DP (černá) (model z roku 2012)"
pt::B00795K7J8,product_title,yes,HD Digital Indoor Flat Amplified TV Antenna (Powered By USB),HD digitální vnitřní plochá zesilovačová televizní anténa (napájená přes USB),HD digitální vnitřní plochá zesilovačová televizní anténa (napájená přes USB)
pt::B007CGO45W,product_title,no,"The Friendly Swede Purple PU Leather Case / Stand / Cover for Apple iPad 2 / iPad 3 / iPad 4 + Clear Screen Protector + 2 Medium Stylus Pens + 2 Short Stylus Pens + 2 X 4"" / 2 X 12"" / 2 X 14"" Detachable Lanyards + Cleaning Cloth in Retail Packaging","Fialový pouzdro / stojánek / kryt z umělé kůže The Friendly Swede pro Apple iPad 2 / iPad 3 / iPad 4 + průhledná ochranná fólie na displej + 2 střední stylusy + 2 krátké stylusy + 2 odnímatelné šňůrky na krk 4"" / 2 x 12"" / 2 x 14"" + čisticí hadřík v originálním balení.","Pouzdro / stojánek / kryt z umělé kůže The Friendly Swede v fialovém provedení pro Apple iPad 2 / iPad 3 / iPad 4 + průhledná ochranná fólie na displej + 2 střední stylusy + 2 krátké stylusy + 2 odnímatelné šňůrky na krk 4"" / 2 x 12"" / 2 x 14"" + čisticí hadřík v originálním balení"
pt::B007KTT3IE,product_title,no,Neewer USB 3.0 A Male to A Female M/F 90 Degree Angled Adapter Plug Converter,"Adaptér Neewer USB 3.0 A samec-A samice (v/z), úhlový 90 stupňů, konektor Neewer","Adaptér Neewer USB 3.0 A samec-A samice (v/z), úhlový 90 stupňů, konektor"
pt::B007PV9WUQ,product_title,no,Tumi Alpha Bravo Kingsville Deluxe Brief Pack&Reg,Balení slipů Tumi Alpha Bravo Kingsville Deluxe,Balení a regál slipů Tumi Alpha Bravo Kingsville Deluxe
pt::B007PZCMZE,product_title,yes,Cosmos 2 PCS Black Medium DSLR camera Drawstring Soft Neoprene Lens Pouch Bag Cover for Sony Canon Nikon Pentax Olympus Panasonic + Cosmos Cable Tie,"Cosmos 2 ks černé pouzdro na objektiv střední velikosti se stahovací šňůrkou pro fotoaparáty Sony, Canon, Nikon, Pentax, Olympus, Panasonic + stahovací páska Cosmo","Cosmos 2 ks černé pouzdro na objektiv střední velikosti se stahovací šňůrkou pro fotoaparáty Sony, Canon, Nikon, Pentax, Olympus, Panasonic + stahovací páska Cosmo"
pt::B007W5B55A,product_title,no,"Verso Prologue Cover for iPad (all generations), Samsung Galaxy Tab & Note, Motorola Xoom, HP TouchPad, Acer Iconia, Lenovo Idea Pad, Asus Transformer & LG Optimus","Verso Prologue Cover pro iPad (všechny generace), Samsung Galaxy Tab &amp; Note, Motorola Xoom, HP TouchPad, Acer Iconia, Lenovo Idea Pad, Asus Transformer &amp; LG Optimus","Verso Prologue Cover pro iPad (všechny generace), Samsung Galaxy Tab & Note, Motorola Xoom, HP TouchPad, Acer Iconia, Lenovo Idea Pad, Asus Transformer & LG Optimus"
pt::B007X3VECU,product_title,yes,iHome by Lifeworks Technology IH-M410BS Bluetooth 5 Button Wireless Mouse - Black,Bezdrátová myš iHome od Lifeworks Technology IH-M410BS s Bluetooth 5 tlačítky - černá,Bezdrátová myš iHome od Lifeworks Technology IH-M410BS s Bluetooth 5 tlačítky - černá
pt::B007X82ZPA,product_title,no,BestDealUSA Blue USB 3.0 A Male to A Female M/F 90 Degree Angled Adapter Plug Converter,"Adaptér/převodník USB 3.0 typu A samec-A samice (v/z), modrý, úhlový 90 stupňů","Adaptér/převodník zástrčky BestDealUSA Blue USB 3.0 A samec-A samice (v/z), modrý, 90 stupňů"
pt::B007YDAARE,product_title,no,Image® Full Screen Touchable PU Leather Cover Case for Barnes and Noble Nook Tablet Nook Color with Stand Purple,Dotykové pouzdro z umělé kůže s celoobrazovkovým displejem pro tablet Barnes and Noble Nook Color se stojánkem fialové barvy,Dotykové pouzdro Image® z umělé kůže na celou obrazovku pro tablet Barnes and Noble Nook Color se stojánkem v fialové barvě
pt::B007ZWLRSU,product_title,yes,SanDisk 64GB SATA 6.0GB/s 2.5-Inch 7mm Height Solid State Drive (SSD) With Read Up To 475MB/s- SDSSDP-064G-G25,"SanDisk 64GB SATA 6,0 GB/s 2,5palcový 7mm SSD disk s rychlostí čtení až 475 MB/s - SDSDP-064G-G25","SanDisk 64GB SATA 6,0 GB/s 2,5palcový 7mm SSD disk s rychlostí čtení až 475 MB/s - SDSDP-064G-G25"
pt::B0087Y1XS4,product_title,yes,"Case Star Black Aluminum Desktop Stand for iPhone 3 3GS 4 4S iPod touch Apple iPad 3 iPad 2 2nd Generation Wifi / 3G Model 16GB, 32GB, 64GB + Case Star Cellphone Bag","Pouzdro Star s černým hliníkovým stojánkem na stůl pro iPhone 3, 3GS, 4, 4S, iPod touch, Apple iPad 3, iPad 2, 2. generace, Wifi / 3G, model 16 GB, 32 GB, 64 GB + pouzdro Star na mobil","Pouzdro Star s černým hliníkovým stojánkem na stůl pro iPhone 3, 3GS, 4, 4S, iPod touch, Apple iPad 3, iPad 2, 2. generace, Wifi / 3G, model 16 GB, 32 GB, 64 GB + pouzdro Star na mobil"
pt::B008GVL9YQ,product_title,no,iXCC ® 10ft (TEN FEET !) White EXTRA LONG Extended Length USB SYNC Cable Charger Cord [30 Pin Connector],iXCC ≈ 3 metry (DESET STOP!) bílý EXTRA DLOUHÝ prodloužený synchronizační kabel USB a nabíjecí kabel [30pinový konektor],iXCC® 10 stop (DESET STOP!) bílý extra dlouhý prodloužený synchronizační kabel USB pro nabíječku [30pinový konektor]
pt::B008M56YHS,product_title,yes,Intel 330 Series Solid-State Drive 240 GB SATA 6 Gb/s 2.5-Inch - SSDSC2CT240A3K5,"Pevný disk Intel řady 330, 240 GB, SATA 6 Gb/s, 2,5 palce – SSDSC2CT240A3K5","Pevný disk Intel řady 330, 240 GB, SATA 6 Gb/s, 2,5 palce – SSDSC2CT240A3K5"
pt::B008N06I2I,product_title,yes,"Plugable UD-3000 USB 3.0 Universal Docking Station for Windows 8.1, 8, 7, XP (HDMI and DVI/ VGA to 2048x1152, Gigabit Ethernet, Audio, 2 USB 3.0 Ports, 4 USB 2.0 Ports, 4A AC Power Adapter)","Univerzální dokovací stanice UD-3000 s USB 3.0 konektorem pro Windows 8.1, 8, 7, XP (HDMI a DVI/VGA až 2048x1152, gigabitový Ethernet, audio, 2 porty USB 3.0, 4 porty USB 2.0, 4A napájecí adaptér)","Univerzální dokovací stanice UD-3000 s USB 3.0 konektorem pro Windows 8.1, 8, 7, XP (HDMI a DVI/VGA až 2048x1152, gigabitový Ethernet, audio, 2 porty USB 3.0, 4 porty USB 2.0, 4A napájecí adaptér)"
pt::B008OZF9SQ,product_title,yes,"Plugable USB 2.0 Flash Memory Card Reader for Windows, Mac, Linux, and Certain Android Systems - Supports SD cards (SDHC, Mini SD, Micro SD / T-Flash, etc) and MS, MS Pro Duo, MMC, More","Čtečka paměťových karet USB 2.0 s konektorem pro Windows, Mac, Linux a některé systémy Android - podporuje SD karty (SDHC, Mini SD, Micro SD / T-Flash atd.) a MS, MS Pro Duo, MMC a další.","Čtečka paměťových karet USB 2.0 s konektorem pro Windows, Mac, Linux a některé systémy Android - podporuje SD karty (SDHC, Mini SD, Micro SD / T-Flash atd.) a MS, MS Pro Duo, MMC a další."
pt::B008S8WA18,product_title,no,MSI LGA1155/Intel B75/DDR3/SATA3 USB 3.0/A&GbE/MicroATX Motherboard B75MA-P45,Základní deska MSI LGA1155/Intel B75/DDR3/SATA3 USB 3.0/A&amp;GbE/MicroATX B75MA-P45,Základní deska MSI LGA1155/Intel B75/DDR3/SATA3 USB 3.0/A&GbE/MicroATX B75MA-P45
pt::B008U3FQL2,product_title,yes,Sharper Image Sound Soother White Noise Machine ECB150,"Ostřejší obraz, zvuk, dusivý přístroj na bílý šum ECB150","Ostřejší obraz, zvuk, dusivý přístroj na bílý šum ECB150"
pt::B008X8RV7Q,product_title,no,"HDE 2.5"" SATA External Hard Disk Drive (HDD) Metallic Enclosure - 500GB Max Capacity (Blue)","Externí pevný disk (HDD) HDE 2,5"" SATA v kovovém pouzdře – maximální kapacita 500 GB (modrý)","Externí pevný disk (HDD) HDE 2,5"" SATA, kovový kryt – maximální kapacita 500 GB (modrý)"
pt::B008ZGKWQI,product_title,yes,"Plugable 7 Port USB 3.0 SuperSpeed Hub with 20W Power Adapter (VIA VL812 Rev B2 Chipset with v9081 firmware. Windows, Mac OS X, and Linux support. Full USB 2.0 backwards compatibility.)","Zásuvný 7portový USB 3.0 SuperSpeed ​​Hub s 20W napájecím adaptérem (čipová sada VIA VL812 Rev B2 s firmwarem v9081. Podpora Windows, Mac OS X a Linux. Plná zpětná kompatibilita s USB 2.0.)","Zásuvný 7portový USB 3.0 SuperSpeed ​​Hub s 20W napájecím adaptérem (čipová sada VIA VL812 Rev B2 s firmwarem v9081. Podpora Windows, Mac OS X a Linux. Plná zpětná kompatibilita s USB 2.0.)"
pt::B009614ANM,product_title,yes,CaseCrown Ridge Standby Case for Amazon Kindle Fire HD 7-Inch -Built-in magnet for sleep / wake feature-Green,Pouzdro Crown Ridge Standby pro Amazon Kindle Fire HD 7 palců - Vestavěný magnet pro funkci spánku / probuzení - Zelené,Pouzdro Crown Ridge Standby pro Amazon Kindle Fire HD 7 palců - Vestavěný magnet pro funkci spánku / probuzení - Zelené
