item_id,en,cz_raw,kind,comet_score,comet_verdict,gemini_pro_verdict,gemini_flash_verdict,sonnet_46_verdict,haiku_45_verdict
rs::ADLVFFE4VBT8::B00002NDRF::1298419200,"Crisp, sticky labels","Jasné, lepící štítky",review_summary,0.7533,VALID,INVALID,VALID,VALID,VALID
rs::ADLVFFE4VBT8::B00005114Z::1242691200,Good as a color-coordinated cable,Dobrý jako barevně sladěný kabel,review_summary,0.8308,VALID,VALID,VALID,VALID,VALID
rs::ADLVFFE4VBT8::B00006343P::1320364800,Some like it purple,Někteří mají rádi fialovou,review_summary,0.8603,VALID,VALID,VALID,VALID,VALID
rs::ADLVFFE4VBT8::B000067RVL::1250640000,It's a good cable but make sure that THIS is what you need,"Je to dobrý kabel, ale ujistěte se, že TOHLE je to, co potřebujete",review_summary,0.8790,VALID,VALID,VALID,VALID,VALID
rs::ADLVFFE4VBT8::B000067SGI::1298246400,Just right but make sure it's what you need,"Tak akorát, ale ujistěte se, že je to to, co potřebujete",review_summary,0.8452,VALID,VALID,VALID,VALID,VALID
rs::ADLVFFE4VBT8::B00006B8K2::1244160000,"Good for the price, practically no warranties","Dobré za tu cenu, prakticky žádná záruka",review_summary,0.8731,VALID,INVALID,VALID,VALID,VALID
rs::ADLVFFE4VBT8::B00009V2W9::1255305600,Simply Awesome,Prostě úžasné,review_summary,0.8599,VALID,VALID,VALID,VALID,VALID
rs::ADLVFFE4VBT8::B0000VP1WQ::1245628800,Excellent D-SLR storage (2009 review),Vynikající úložiště pro digitální zrcadlovky (recenze z roku 2009),review_summary,0.8743,VALID,VALID,VALID,VALID,VALID
rs::ADLVFFE4VBT8::B0001IXUDK::1246924800,FUD - a perfect example (applies to the 2-meter cable),FUD - perfektní příklad (platí pro 2metrový kabel),review_summary,0.8561,VALID,VALID,VALID,VALID,VALID
rs::ADLVFFE4VBT8::B0001LTT64::1229990400,Durable - still good after 2 years of constant use,Odolné - stále dobré i po 2 letech neustálého používání,review_summary,0.8897,VALID,VALID,VALID,VALID,VALID
rt::ADLVFFE4VBT8::B00002NDRF::1298419200,"This is officially compatible with DYMO's:- LabelManager 350, 450, PCII- LabelPoint 350- LabelWriter DUOBut it works just fine with the DYMO LabelManager 360D which is not on the list.On this cassette, the tape needed a little bit of 'priming' - had to manually pull about one inch out before anything could come out but all was flawless after that. The output is the expected ultra-crisp black on white and, according to the maker, the nylon base should make the labels stick perfectly to curved surfaces. In 'real life' the labels stickiness do meet my standards but I'll have to live with at least some air bubbles when applying them on curved objects.Overall... nice labels.Made in Belgium.","Toto je oficiálně kompatibilní s tiskárnami DYMO: - LabelManager 350, 450, PCII - LabelPoint 350 - LabelWriter DUO. Ale funguje to bez problémů s DYMO LabelManager 360D, který na seznamu není. U této kazety potřebovala páska trochu „napenetrovat“ - musela jsem ji ručně vytáhnout asi o palec, než se něco dalo vyjmout, ale poté bylo vše bezchybné. Výstup je očekávaný ultra ostrý černý tisk na bílém podkladu a podle výrobce by nylonová podložka měla zajistit, aby se štítky perfektně lepily na zakřivené povrchy. V „reálném životě“ lepivost štítků splňuje mé standardy, ale budu se muset smířit alespoň s několika vzduchovými bublinami při jejich aplikaci na zakřivené předměty. Celkově... pěkné štítky. Vyrobeno v Belgii.",review_text,0.8103,VALID,VALID,VALID,VALID,VALID
rt::ADLVFFE4VBT8::B00005114Z::1242691200,"Be aware that the A/B does not mean the more familiar Type A/Mini-B connectors. This cable's 'B' end is the full size, square 'Type B' a few USB-connected peripherals may require.I thought I would use one of these with my new 'white' Asus to connect it with an external drive but, in the end, I returned the Asus and now I'm stuck with the cable :)To conclude: it's good as a color-coordinated cable to work with or between 2 white devices of which one accepts a full-size Type B connector and for which a white USB cable wasn't supplied in the first place.The price is right if combined with Amazon's free shipping on $25+ bundles.","Upozorňujeme, že A/B neznamená známější konektory typu A/Mini-B. Konec „B“ tohoto kabelu je plnohodnotný, hranatý „typ B“, který může vyžadovat několik periferií připojených přes USB. Myslel jsem, že jeden z nich použiji s mým novým „bílým“ Asusem k propojení s externím diskem, ale nakonec jsem Asus vrátil a teď jsem u kabelu uvízl :) Závěrem: je to dobrý barevně sladěný kabel pro práci s nebo mezi 2 bílými zařízeními, z nichž jedno akceptuje plnohodnotný konektor typu B a pro které nebyl původně dodán bílý USB kabel. Cena je správná v kombinaci s dopravou zdarma od Amazonu u balíčků nad 25 dolarů.",review_text,0.7909,VALID,VALID,VALID,VALID,VALID
rt::ADLVFFE4VBT8::B00006343P::1320364800,"There is a reason why this item is so heavily discounted and it is so because this is not a well-thought, well-designed product.Like most power strips these days, Monster's product offers some decent surge protection on both plugged in devices and on coax (you'll have that if you get cable or satellite TV). To differentiate it from the competition, the Monster designer have colored theirs a shade of purple and have labeled the 9 outlets with multi-colored, not very useful but harmless plastic tags such as VCR (really?), CD, Receiver, CATV and so forth. There is also a master on-off button that shines a blue light when on.So far, so good but then there is an inexcusable design flaw. This works well for as long as you are using 2- or 3-prong plugs. Whether they are for the VCR, the CD or your CATV, they fit well on this unit's side. The trouble comes when you try to plug in just about any AD/DC adapter because this unit's design does not allow it or makes it extremely difficult and inconvenient. This is bad. In addition, the provided patch coax cable is short enough to make it useless - of course you can get something of a more useful length at the store but why bother to include one if it's only 3-4 ft. long?To summarize: you get surge protection for up to 9 devices if they are all using 2- or 3-prong plugs and coax if a 3-ft. long patch cable is long enough. The labels are largely useless because they are somewhat obsolete (VCR, CD) but they don't hurt. The blue light emitted by the on button can serve as a night light.I am okay with my purchase because I acquired mine as an Amazon's lightning deal deep discount but you can probably get 'better' from a more established power surge equipment vendor even at the currently advertised price.","Existuje důvod, proč je tento produkt tak zlevněný, a to proto, že se nejedná o dobře promyšlený a dobře navržený produkt. Stejně jako většina dnešních prodlužovacích kabelů nabízí i produkt Monster slušnou přepěťovou ochranu jak pro zařízení zapojené do zásuvky, tak pro koaxiální kabel (tu máte, pokud máte kabelovou nebo satelitní televizi). Aby se odlišil od konkurence, designéři Monsteru ho obarvili fialově a 9 zásuvek označili vícebarevnými, ne příliš užitečnými, ale neškodnými plastovými štítky, jako například VCR (opravdu?), CD, Receiver, CATV a tak dále. K dispozici je také hlavní tlačítko zapnutí/vypnutí, které při zapnutí svítí modře. Zatím je to dobré, ale pak je tu jedna neomluvitelná konstrukční vada. Funguje to dobře, pokud používáte 2- nebo 3kolíkové zástrčky. Ať už jsou pro videorekordér, CD nebo CATV, dobře se hodí na stranu tohoto zařízení. Problém nastává, když se pokusíte zapojit téměř jakýkoli AD/DC adaptér, protože konstrukce tohoto zařízení to neumožňuje nebo to extrémně ztěžuje a činí nepohodlným. To je špatné. Navíc je dodaný koaxiální patch kabel dostatečně krátký, aby byl nepoužitelný – v obchodě se samozřejmě dá sehnat něco užitečnější délky, ale proč se obtěžovat s ním, když je dlouhý jen 1-1,2 metru? Stručně řečeno: získáte přepěťovou ochranu až pro 9 zařízení, pokud všechna používají 2- nebo 3kolíkové zástrčky, a koaxiální kabel, pokud je 1 metr dlouhý patch kabel dostatečně dlouhý. Štítky jsou z velké části nepoužitelné, protože jsou poněkud zastaralé (videorekordér, CD), ale neuškodí. Modré světlo vyzařované tlačítkem zapnutí může sloužit jako noční světlo. S nákupem jsem spokojený, protože jsem ho získal v rámci lightningové nabídky Amazonu s velkou slevou, ale pravděpodobně se dá sehnat „lepší“ od zavedenějšího prodejce přepěťového vybavení i za aktuálně inzerovanou cenu.",review_text,0.6064,INVALID,INVALID,VALID,VALID,VALID
rt::ADLVFFE4VBT8::B000067RVL::1250640000,"This is the most common USB cable these days for connecting 'something' to your computer but... beware of the 'Micro-B vs. Mini-B' interface confusion (read below).On this specific cable, everything is done right, including the price. It is USB 2.0 certified, meaning that it supports data transfer rates of up to 480Mbps and, if your device accepts a Mini-B plug, this is the cable to get. Maybe the 2-meter length (6+ ft.) is a little bit too much but it does not bother me a lot and there may come a time when a cable this long may come in handy.I am awarding this item 5 stars for price and quality - there's nothing to complain. However, I suggest that you look around before you place the order because you just might have one of these already as they tend to ship with many electronic gadgets these days.______________________________________________Notes:Anyone in the market for a USB cable should be very careful because there are at least 6 kinds of USB connectors. If you are buying a cable that connects 'something' to your computer or laptop, the computer end of the cable will always be a USB-A or 'Type A' connector. At the other end, you may have a USB-B/Type B - a nearly square shaped connector used mostly to deliver power to a device but this is rare. Most likely, you will have a Mini-B or a Micro-B. The difference between the 2 is that the Micro-B is half as thick while the width is the same - Mini-B is 3x7mm while Micro-B is 1.5x7mm.If your device (phone, PDA, camera) is a 'new' one and it's using USB, chances are that they will need a Micro-B connector because the industry seems to be adopting the 'Micro' form factor as its standard. If the above sounds simple, you should keep in mind that some devices require Mini-AB or Micro-AB connectors, also known as USB OTG (OnTheGo) devices.My advice: before ordering any cable, make sure that you clearly understand what type of cable you need.Whenever in doubt, do some more research and keep in mind that the 'Micro-B' (very small) is the emerging standard and it's likely to be found on the newer and smaller gadgets - phones, cameras, etc. but, before it we had the 'Mini-B' (this specific cable) so the older devices will need the 'Mini'.","Toto je v dnešní době nejběžnější USB kabel pro připojení „něčeho“ k počítači, ale... pozor na zmatek ohledně rozhraní „Micro-B vs. Mini-B“ (čtěte níže). U tohoto konkrétního kabelu je vše správně provedeno, včetně ceny. Je certifikován pro USB 2.0, což znamená, že podporuje rychlost přenosu dat až 480 Mb/s, a pokud vaše zařízení akceptuje konektor Mini-B, je to kabel, který byste měli pořídit. Možná je délka 2 metry (6+ stop) trochu moc, ale moc mi to nevadí a může přijít čas, kdy se vám takto dlouhý kabel bude hodit. Dávám tomuto produktu 5 hvězdiček za cenu a kvalitu - není si na co stěžovat. Doporučuji vám však, abyste se před objednáním porozhlédli, protože jeden z nich už možná máte, jelikož se v dnešní době dodávají s mnoha elektronickými zařízeními.________________________________________________Poznámky: Každý, kdo shání USB kabel, by měl být velmi opatrný, protože existuje nejméně 6 druhů USB konektorů. Pokud kupujete kabel, který připojuje „něco“ k vašemu počítači nebo notebooku, konec kabelu u počítače bude vždy mít konektor USB-A nebo „typ A“. Na druhém konci můžete mít USB-B/typ B – téměř čtvercový konektor používaný většinou k napájení zařízení, ale to je vzácné. S největší pravděpodobností budete mít Mini-B nebo Micro-B. Rozdíl mezi těmito dvěma je v tom, že Micro-B je poloviční, zatímco šířka je stejná – Mini-B je 3x7 mm, zatímco Micro-B je 1,5x7 mm. Pokud je vaše zařízení (telefon, PDA, fotoaparát) „nové“ a používá USB, je pravděpodobné, že budete potřebovat konektor Micro-B, protože se zdá, že průmysl přijímá tvarový faktor „Micro“ jako svůj standard. Pokud vám výše uvedené zní jednoduše, měli byste mít na paměti, že některá zařízení vyžadují konektory Mini-AB nebo Micro-AB, známé také jako zařízení USB OTG (OnTheGo). Moje rada: před objednáním jakéhokoli kabelu se ujistěte, že jasně víte, jaký typ kabelu potřebujete. V případě pochybností si proveďte další průzkum a mějte na paměti, že „Micro-B“ (velmi malý) je nově vznikající standard a pravděpodobně se nachází v novějších a menších zařízeních – telefonech, fotoaparátech atd., ale předtím jsme měli „Mini-B“ (tento konkrétní kabel), takže starší zařízení budou potřebovat „Mini“.",review_text,0.6113,INVALID,VALID,VALID,VALID,VALID
rt::ADLVFFE4VBT8::B000067SGI::1298246400,"Please be VERY careful and look at the picture before ordering this cable. This is NOT what we normally view as the 'generic' USB cable. For that, look for a ""USB-A to MINI-B male"" cable.The full USB-B connector (this one) is needed for some USB-connected disk drives, printers or speakers. A cable such as this may be needed because some vendors choose to save a few pennies and do not to provide a cable with the device they sell or one may need a cord longer than the standard 6 ft. or 2 meter usually supplied by the manufacturer - I needed one to connect a USB-connected speaker unit to my laptop's docking station.This is a good A/B USB cable and there's nothing to complain. Amazon's free shipping makes the price just right.","Před objednáním tohoto kabelu buďte VELMI opatrní a podívejte se na obrázek. Toto NENÍ to, co obvykle považujeme za „obecný“ USB kabel. Hledejte kabel „USB-A na MINI-B samec“. Plný konektor USB-B (tento) je potřeba pro některé diskové jednotky, tiskárny nebo reproduktory připojené přes USB. Takový kabel může být potřeba, protože někteří prodejci se rozhodnou ušetřit pár korun a s prodávaným zařízením kabel nedodávají, nebo může být potřeba kabel delší než standardních 2 metry, které obvykle dodává výrobce – já jsem jeden potřeboval k připojení reproduktorové jednotky připojené přes USB k dokovací stanici mého notebooku. Toto je dobrý A/B USB kabel a není si na co stěžovat. Doprava zdarma od Amazonu činí cenu tak akorát.",review_text,0.8016,VALID,INVALID,VALID,VALID,VALID
rt::ADLVFFE4VBT8::B00006B8K2::1244160000,"I ordered that Fellowes 99090 to protect a new computer and the several peripherals that attach to it. Its most attractive features are the price, the compact form and the innovative design allowing for as many as eight plugs to attach to it. So far, I am happy with my purchase.Here are the specs and features:- 3 line protection- right-angle plug- 15-Amp circuit breaker- 120V 60Hz- Noise filtering 40-45dB- Joule rating 1300- UL 1449 Rating/Clamping Level 330- 6 ft. chord- Illuminated on/off switch- LED surge indicator- Up to 8 outletsThe warranty paper claims 'lifetime' for the item itself and up to $50,000  on connected equipment for 5 years.The lifetime in 'lifetime warranty' promise is not the purchaser's life but the life of the product itself. To quote from the Fellowes warranty document, ""the lifetime of the product is considered to be the time until the product naturally ceases to provide surge protection"". In other words, there is a warranty on the product for as long as it works. To quote again, ""when the LED fails to light, the product has performed its duty"" and the lifetime warranty is no longer in effect.As for the $50,000 connected equipment warranty, the paper enumerates 10 instances under which the warranty becomes null and void including ""4. Fellowes determines that the equipment was not damaged by an Event or that no Event took place. 5. Fellowes determines that the Surge Protector was not properly installed, was tampered with, or was altered in any way.""To conclude, this is good value for the price but forget about the warranties. I am taking one star away for the warranty claims.","Objednal jsem si záruku Fellowes 99090, abych ochránil nový počítač a několik periferií, které se k němu připojují. Mezi nejatraktivnější vlastnosti patří cena, kompaktní tvar a inovativní design, který umožňuje připojení až osmi zástrček. Zatím jsem s nákupem spokojen. Zde jsou specifikace a vlastnosti: - Ochrana 3 linek - Pravoúhlá zástrčka - 15A jistič - 120 V 60 Hz - Filtrování šumu 40-45 dB - Jouleův výkon 1300 - UL 1449 Jmenovitý/upínací stupeň 330 - Délka kabelu 6 stop - Podsvícený vypínač - LED indikátor přepětí - Až 8 zásuvek. Záruční list uvádí „doživotní“ záruku na samotnou položku a až 50 000 dolarů na připojená zařízení po dobu 5 let. Slib „doživotní záruky“ se nevztahuje na život kupujícího, ale na životnost samotného produktu. Abych citoval ze záručního dokumentu společnosti Fellowes, „životnost produktu se považuje za dobu, než produkt přirozeně přestane poskytovat přepěťovou ochranu“. Jinými slovy, na produkt se vztahuje záruka po celou dobu jeho fungování. Znovu cituji: „Když se LED dioda nerozsvítí, produkt splnil svou funkci“ a doživotní záruka již neplatí. Pokud jde o záruku na připojené zařízení ve výši 50 000 USD, dokument vyjmenovává 10 případů, kdy záruka zaniká, včetně „4. Fellowes zjistí, že zařízení nebylo poškozeno událostí nebo že k žádné události nedošlo. 5. Fellowes zjistí, že přepěťová ochrana nebyla správně nainstalována, byla s ní manipulováno nebo byla jakkoli pozměněna.“ Závěrem lze říci, že se jedná o dobrou hodnotu za danou cenu, ale zapomeňte na záruky. Za reklamace v rámci záruky ubírám jednu hvězdičku.",review_text,0.6531,INVALID,INVALID,INVALID,INVALID,INVALID
rt::ADLVFFE4VBT8::B0000VP1WQ::1245628800,"The Hitachi 4GB Microdrive (CF Type II card interface) came bundled with my Sony A-100 (Alpha) camera. I never-ever had a problem with it. I can't say that it had to operate under a lot of stress - the highest it's been is about 12,000 ft. in Colorado - but whatever it had to do it did well. Here is my evaluation:Pros:- trouble-free operation - once it was formatted, no additional maintenance was ever required- pretty good storage capacity - over 1000 pictures on a 10M camera storing 'fine' quality JPEGs- better than a flash card at handling repeated write/erase cycles as its capacity to store data does not degradeCons:- a little bit slow - but it did manage 3-shot bursts pretty well, takes a while to 'zoom' into a picture already taken- draws more power than a CF Type I flash card that a typical D-SLR camera would accept- less expensive alternatives are currently availableI am awarding it 4 stars and not 5 because anyone looking for a D-SLR card today must be aware that better alternatives are available. My camera just received a 16GB CF card that, on a dollar-per-gigabyte comparison, comes at half the price. However, if anyone is looking for a very small hard disk-like extension, the Microdrive is the way to go.","Paměťová karta Hitachi 4GB Microdrive (s rozhraním CF typu II) byla dodávána s mým fotoaparátem Sony A-100 (Alpha). Nikdy jsem s ní neměl problém. Nemůžu říct, že by musela fungovat pod velkou zátěží – nejvyšší výška, kde byla, je asi 3 600 m v Coloradu – ale ať už musela dělat cokoli, zvládla to dobře. Zde je mé hodnocení: Klady:- bezproblémový provoz - po naformátování nebyla nikdy nutná žádná další údržba- docela dobrá úložná kapacita - na 10M fotoaparátu se uloží více než 1000 snímků v „dobré“ kvalitě - lepší než flash karta při zvládání opakovaných cyklů zápisu/mazání, protože její kapacita pro ukládání dat se nesnižujeZápory:- trochu pomalý - ale docela dobře zvládal 3snímkové série, chvíli trvá, než se „zoomuje“ na již pořízený snímek- spotřebovává více energie než flash karta CF typu I, kterou by typická digitální zrcadlovka akceptovala- v současné době jsou k dispozici levnější alternativyDávám jí 4 hvězdičky a ne 5, protože každý, kdo dnes hledá kartu pro digitální zrcadlovku, si musí být vědom toho, že existují lepší alternativy. Můj fotoaparát právě dostal 16GB CF kartu, která je v porovnání s dolarem za gigabajt za poloviční cenu. Pokud však někdo hledá velmi malé rozšíření podobné pevnému disku, Microdrive je tou správnou volbou.",review_text,0.7047,VALID,INVALID,VALID,VALID,VALID
rt::ADLVFFE4VBT8::B0001IXUDK::1246924800,"FUD - Fear, uncertainty, doubt.According to Wikipedia, ""the term originated to describe disinformation tactics in the computer hardware industry and has since been used more broadly. FUD is a manifestation of the appeal to fear.""Still Wikipedia, quoting Eric S. Raymond: ""The idea, of course, was to persuade buyers to go with safe [...] gear rather than with competitors' equipment. This implicit coercion was traditionally accomplished by promising that Good Things would happen to people who stuck with [...], but Dark Shadows loomed over the future of competitors' equipment [...]"".HDMI is all-digital for both sound and picture. As such, it either works or it doesn't and, when it doesn't work, you will know immediately. There's really nothing in-between. If a claim is made that the Monster is 'more reliable' or that it 'lasts longer', I can't see how such claim can be backed - does the hundred-dollar cable last 20 times longer than than the five-dollar cable? And, if it does, do we REALLY care that a cable supporting a standard that may be obsolete in 5 years COULD last for 100 years?By the way, I do not challenge the claim of high quality for this cable. It appears to be well built. However, it is quality not needed and, in my view, not worth paying for. The way most of us use cables is: we plug them at the back of our electronic boxes and, if they work on 'day one' they are likely to work in the exact same fashion on day 1000 because they are not going to be subjected to any physical or thermal stress and the materials used to build them are not easily degradable. While 'quality' was important for analog cables where good quality made all the difference in the world, the digital wires either transmit the digits or they don't. If they do, they all work the same, the $1 HDMI cable gives you the exact same 'performance' the $100, gold-plated cable does.The claims that seem to suggest that these expensive wires allow more Gigabytes of data to pass through and the implied suggestion that you would get a less bright image or a less crisp sound if you used a two-dollar cable are NOT true. The HDMI is a published standard and there is a minimum data throughput that must be supported. If it is, then the device is HDMI compliant and you will get everything that HDMI promises to deliver. If some cable exceeds the specified throughput, it's nice but it's irrelevant because no electronic component that's HDMI compliant would attempt to push more bytes through the wire than the standard specifies. If they did, they'd violate the specs and would not sell very well. If your electronic component had an HDMI port that called for an HDMI cable that exceeded the HDMI published standards, then it would no longer be called an HDMI port but a proprietary, non-standard solution.The following are the HDMI 1.3 specs and ALL certified HDMI 1.3 cables (including the five-dollar wires and the Monster) are going to support them. Whatever 'extra' the M Series offers is useless because no HDMI-connected hardware component is going to ask for more.Maximum signal bandwidth (MHz) 340Maximum TMDS bandwidth (Gbit/s) 10.2Maximum video bandwidth (Gbit/s) 8.16Maximum audio bandwidth (Mbit/s) 36.86Maximum Color Depth (bit/px) 48Maximum resolution over single link at 24-bit/px  25601600p75Maximum resolution over single link at 30-bit/px  25601600p60Maximum resolution over single link at 36-bit/px  1920x1200p75Maximum resolution over single link at 48-bit/px  19201200p60sRGBYCbCr8 channel LPCM/192 kHz/24-bit audio capabilityBlu-ray Disc video and audio at full resolutionConsumer Electronic Control (CEC)DVD-Audio supportSuper Audio CD (DSD) supportDeep ColorxvYCCAuto lip-syncDolby TrueHD bitstream capableDTS-HD Master Audio bitstream capableUpdated list of CEC commands (only on HDMI 1.3a,b,c)My suggestion: search Amazon for ""hdmi cable 1.3"" and make an informed price/quality decision before you buy._____________________________________NOTE 1: I noticed a typical FUD statement that has been posted on this page in the form of a video. The presenter suggests that all signals, including 'digital' get degraded when passing through a wire because of the 'laws of physics'. The key word in his presentation is that 'IF YOU HAVE A REALLY LONG CABLE' then you may get into trouble. This is true. You can't have a 100 ft. HDMI cable or a one mile-long cable. Eventually, unless your signal, digital or analog, is boosted in some way, it's going to die and you won't be able to decode it at the other end.However, this is NOT the point. This HDMI cable is NOT 'really long'. In fact, it is REALLY SHORT and, no matter how much FUD is inserted into the discussion, on 6 ft. or 8 ft. cables, you are NOT going to get a 'better' picture just because you pay 100 times more for a wire.Unless the vendor comes up with some unbiased tests showing that, on 6 ft. or on 8 ft. cables the less expensive brands loses 'bits' to the degree that the receiving device can't correct for the loss while the expensive brand does not, this is nothing but FUD.NOTE 2: All of the above applies to the 2-meter cable. When ordering the 4-meter and especially the 6-meter lengths, I would make sure that the cable is certified as ""HDMI Category 2"" or ""High-Speed"" FOR THAT SPECIFIC LENGTH.","FUD - Strach, nejistota, pochybnost. Podle Wikipedie „tento termín vznikl k popisu dezinformačních taktik v odvětví počítačového hardwaru a od té doby se používá širší škály. FUD je projevem apelu na strach.“ Stále Wikipedie, cituje Erica S. Raymonda: „Myšlenka samozřejmě spočívala v tom, přesvědčit kupující, aby si vybrali bezpečné [...] vybavení, spíše než vybavení konkurence. Toto implicitní donucování se tradičně dosahovalo slibem, že lidem, kteří zůstanou u [...], se stanou dobré věci, ale nad budoucností vybavení konkurence se tyčily temné stíny [...].“ HDMI je plně digitální pro zvuk i obraz. Jako takové buď funguje, nebo ne, a když nefunguje, okamžitě to poznáte. Ve skutečnosti není nic mezi tím. Pokud se tvrdí, že Monster je „spolehlivější“ nebo že „vydrží déle“, nechápu, jak lze takové tvrzení podložit – vydrží kabel za sto dolarů 20krát déle než kabel za pět dolarů? A pokud ano, opravdu nám záleží na tom, že kabel podporující standard, který může být za 5 let zastaralý, MŮŽE vydržet 100 let? Mimochodem, nezpochybňuji tvrzení o vysoké kvalitě tohoto kabelu. Zdá se být dobře vyrobený. Nicméně, tato kvalita není potřeba a podle mého názoru se za ni nevyplatí platit. Většina z nás kabely používá takto: zapojíme je do zadní části našich elektronických krabiček a pokud fungují „první den“, pravděpodobně budou fungovat stejně i 1000. den, protože nebudou vystaveny žádnému fyzickému ani tepelnému namáhání a materiály použité k jejich výrobě nejsou snadno odbouratelné. Zatímco „kvalita“ byla důležitá u analogových kabelů, kde dobrá kvalita znamenala velký rozdíl, digitální kabely buď přenášejí číslice, nebo ne. Pokud ano, všechny fungují stejně, kabel HDMI za 1 dolar vám poskytne přesně stejný „výkon“ jako pozlacený kabel za 100 dolarů. Tvrzení, která naznačují, že tyto drahé kabely umožňují průchod více gigabajtů dat, a implicitní náznak, že byste získali méně jasný obraz nebo méně čistý zvuk, pokud byste použili kabel za dva dolary, NEJSOU pravdivé. HDMI je publikovaný standard a existuje minimální datová propustnost, která musí být podporována. Pokud ano, pak je zařízení kompatibilní s HDMI a získáte vše, co HDMI slibuje. Pokud některý kabel překročí specifikovanou propustnost, je to sice hezké, ale je to irelevantní, protože žádná elektronická součástka, která je kompatibilní s HDMI, by se nepokusila protlačit kabelem více bajtů, než specifikuje standard. Pokud by to udělala, porušila by specifikace a neprodávala by se moc dobře. Pokud by vaše elektronická součástka měla port HDMI, který by vyžadoval kabel HDMI překračující publikované standardy HDMI, pak by se již nenazýval portem HDMI, ale proprietárním, nestandardním řešením. Následují specifikace HDMI 1.3 a VŠECHNY certifikované kabely HDMI 1.3 (včetně pětidolarových kabelů a Monster) je budou podporovat. Ať už řada M nabízí cokoli „navíc“, je to zbytečné, protože žádný hardwarový komponent připojený přes HDMI si nebude přát víc. Maximální šířka pásma signálu (MHz) 340 Maximální šířka pásma TMDS (Gbit/s) 10,2 Maximální šířka pásma videa (Gbit/s) 8,16 Maximální šířka pásma zvuku (Mbit/s) 36,86 Maximální hloubka barev (bit/px) 48 Maximální rozlišení přes jeden link při 24 bitech/px 2560 x 1600p 75 Maximální rozlišení přes jeden link při 30 bitech/px 2560 x 1600p 60 Maximální rozlišení přes jeden link při 36 bitech/px 1920 x 1200p 75 Maximální rozlišení přes jeden link při 48 bitech/px 1920 x 1200p 60 s RGBY CbCr 8kanálový LPCM/192 kHz/24bitový zvuk Možnost přehrávání videa a zvuku z Blu-ray Disc v plném rozsahu... RozlišeníOvládání spotřební elektroniky (CEC)Podpora DVD-AudioPodpora Super Audio CD (DSD)Deep ColorxvYCCAutomatická synchronizace rtů a rtůKompatibilita s bitstreamem Dolby TrueHDKompatibilita s bitstreamem DTS-HD Master AudioAktualizovaný seznam příkazů CEC (pouze na HDMI 1.3a,b,c)Můj návrh: vyhledejte na Amazonu „hdmi cable 1.3“ a před nákupem se informovaně rozhodněte o poměru cena/kvalita._____________________________________POZNÁMKA 1: Všiml jsem si typického prohlášení o nesmyslech, které bylo zveřejněno na této stránce ve formě videa. Přednášející naznačuje, že všechny signály, včetně „digitálních“, se při průchodu drátem degradují kvůli „fyzikálním zákonům“. Klíčovým slovem v jeho prezentaci je, že „POKUD MÁTE OPRAVDU DLOUHÝ KABEL“, můžete se dostat do problémů. To je pravda. Nemůžete mít 100 stop dlouhý kabel HDMI ani kabel dlouhý jednu míli. Nakonec, pokud váš signál, digitální nebo analogový, není nějakým způsobem zesílen, dojde k jeho vymizení a na druhém konci jej nebudete moci dekódovat. O to ale NEJDE. Tento HDMI kabel NENÍ „opravdu dlouhý“. Ve skutečnosti je OPRAVDU KRÁTKÝ a bez ohledu na to, kolik „nepříjemností“ (FUD) se do diskuse vkládá, na kabelech o délce 1,8 m nebo 2,4 m NEZÍSKÁTE „lepší“ obraz jen proto, že za kabel zaplatíte stokrát více. Pokud prodejce nepředloží nějaké objektivní testy, které by ukazovaly, že na kabelech o délce 1,8 m nebo 2,4 m levnější značky ztrácejí „bity“ do té míry, že přijímací zařízení nedokáže ztrátu korigovat, zatímco dražší značka ne, je to nic jiného než „nepříjemnost“ (FUD). POZNÁMKA 2: Vše výše uvedené platí pro dvoumetrový kabel. Při objednávání 4metrových a zejména 6metrových délek bych se ujistil, že kabel je pro danou konkrétně délku certifikován jako „HDMI kategorie 2“ nebo „vysokorychlostní“.",review_text,0.5675,INVALID,INVALID,INVALID,INVALID,VALID
rt::ADLVFFE4VBT8::B0001LTT64::1229990400,"Like the reviewer before me, I've been using this mouse for about 2 years and I have no complaints whatsoever. I thought I would write something just to help reinforce the idea that, if you are looking for an inexpensive, reliable, no-frills mouse, then this is a good candidate.For me, the ideal mouse has 2 buttons, needs no maintenance and it's responsive to my hand's moves. This one has 2 buttons and a scroll wheel (which I never use), needs very little cleaning (I believe I cleaned it twice in 2 years) and is responsive to my hand's moves.This is all I need in a mouse and that's what I'm getting out of this one.","Stejně jako recenzent přede mnou, i já tuto myš používám asi 2 roky a nemám vůbec žádné stížnosti. Říkal jsem si, že napíšu něco, co by posílilo myšlenku, že pokud hledáte levnou, spolehlivou myš bez zbytečných ozdob, pak je tohle dobrý kandidát. Pro mě má ideální myš 2 tlačítka, nepotřebuje žádnou údržbu a reaguje na pohyby mé ruky. Tato má 2 tlačítka a rolovací kolečko (které nikdy nepoužívám), vyžaduje jen velmi málo čištění (myslím, že jsem ji čistil dvakrát za 2 roky) a reaguje na pohyby mé ruky. To je vše, co od myši potřebuji, a to je to, co od této myši dostávám.",review_text,0.8644,VALID,VALID,VALID,VALID,VALID
rt::ADLVFFE4VBT8::B00020BJA8::1246665600,"In my view, this laptop case meets the requirements and expectations for its intended use - case and protect a laptop during transportation and provide sufficient and convenient room for the related items someone may bring along while traveling with the laptop.Briefly, this is what you get:- Solid, durable construction - padded ballistic nylon.- On the heavy side - 3.25 lbs.- Room for laptops up to 15.4"" widescreen.- Cushions inside the laptop compartment can be adjusted to fit smaller laptops.- Full-size dual file folder storage compartment.- Zippered 'workstation' with lots of pockets, some padded, most with Velcro locks,for various items, business cards, keys.- Removable accessory pouch.- One 'secret' zipped and one open pocket on the outside.- Removable shoulder strap.- Black fabric, gunmetal grey zipper hardware.- Made in China.The two gimmicks I detected have to do with the design and with the so-called lifetime warranty and they seem to serve no purpose other than 'marketing'.The so-called 'Zip-Thru' is a zipper that, when unzipped, unfolds the case  so that it can lay flat on an airport scanner conveyor belt with the laptop separated from the other half of the case. The claim is that, if you do this, you won't have to take your laptop out of the case and, therefore, if you buy this case you buy some convenience. The sad reality is that I was always asked to take my laptop out of the case at airport security points and, most of the time, I was asked to actually turn it on. In two instances, the airport detectives actually took my laptop and inserted it inside a machine supposedly capable to detect minute traces of certain substances so, Zip-Thru doesn't do much, given the current airport security practices and circumstances. I can't see any good use for this feature.The so-called life-time warranty seems to be nothing else but a promise to replace the bag if found defective - ""if after inspection we find that the product was defective in materials or workmanship"". This is nice but it would be illegal not to. Amazon would take back a defective product anyway so the 'lifetime warranty' doesn't mean much.Overall, I will grant this product 4 stars (it's 3.5 rounded up). It gets a slight demerit for being a little bit on the heavy side and a full demerit for the two somewhat misleading marketing gimmicks.","Podle mého názoru toto pouzdro na notebook splňuje požadavky a očekávání pro zamýšlené použití - pouzdro a ochrana notebooku během přepravy a poskytnutí dostatečného a pohodlného prostoru pro související předměty, které si někdo může vzít s sebou na cesty. Stručně řečeno, toto je to, co získáte: - Pevná, odolná konstrukce - polstrovaný balistický nylon. - Těžká část - 1,6 kg. - Místo pro notebooky s úhlopříčkou až 15,4"" (širokoúhlý). - Polštáře uvnitř přihrádky na notebook lze nastavit tak, aby se do nich vešly i menší notebooky. - Přihrádka na dva složky v plné velikosti. - „Pracovní stanice“ na zip s mnoha kapsami, některé polstrované, většina se suchým zipem, na různé předměty, vizitky, klíče. - Odnímatelná kapsa na příslušenství. - Jedna „tajná“ kapsa na zip a jedna otevřená kapsa na vnější straně. - Odnímatelný ramenní popruh. - Černá látka, šedý zip. - Vyrobeno v Číně. Dva triky, které jsem objevil, se týkají designu a tzv. doživotní záruky a zdá se, že neslouží žádnému jinému účelu než „marketingu“. Takzvaný „Zip-Thru“ je zip. ...který po rozepnutí rozloží pouzdro tak, že může ležet naplocho na dopravním pásu letištního skeneru s notebookem odděleným od druhé poloviny pouzdra. Tvrdí se, že pokud to uděláte, nebudete muset notebook z pouzdra vyndávat, a proto si koupením tohoto pouzdra kupujete určité pohodlí. Smutnou realitou je, že na letištních bezpečnostních stanovištích mě vždycky požádali, abych notebook z pouzdra vyndal, a většinou mě požádali, abych ho skutečně zapnul. Ve dvou případech mi detektivové na letišti notebook skutečně vzali a vložili ho do zařízení, které údajně dokáže detekovat nepatrné stopy určitých látek, takže Zip-Thru vzhledem k současným bezpečnostním postupům a okolnostem na letištích moc nedělá. Nevidím pro tuto funkci žádné dobré využití. Takzvaná doživotní záruka se zdá být ničím jiným než slibem výměny pouzdra, pokud bude shledáno vadným - ""pokud po kontrole zjistíme, že výrobek měl vadu materiálu nebo zpracování"". To je sice hezké, ale bylo by nezákonné to neudělat. Amazon by vadný výrobek stejně vzal zpět, takže ""doživotní záruka"" moc neznamená. Celkově vzato... Dávám tomuto produktu 4 hvězdičky (zaokrouhleno nahoru je to 3,5). Mírnou nevýhodu dostává za to, že je trochu přehnaně těžký, a plnou nevýhodu za dva poněkud zavádějící marketingové triky.",review_text,0.5525,INVALID,INVALID,INVALID,INVALID,INVALID
